id,label,description,url,x,y,cluster,weight<Links>,weight<Total link strength>,weight<Citations>,weight<Norm. citations>,score<Pub. year>,score<Citations>,score<Norm. citations>
3,zhang (2022a),"<table><tr><td>Authors:</td><td>zhang, shuailei; ang, kai keng; zheng, dezhi; hui, qianxin; chen, xinlei; li, yang; tang, ning; chew, effie; lim, rosary yuting; guan, cuntai</td></tr><tr><td>Title:</td><td>learning eeg representations with weighted convolutional siamese network: a large multi-session post-stroke rehabilitation study</td></tr><tr><td>Source:</td><td>ieee transactions on neural systems and rehabilitation engineering, 30, 2824-2833</td></tr><tr><td>Year:</td><td>2022</td></tr></table>",https://doi.org/10.1109/tnsre.2022.3209155,-0.4533,-0.3621,4,244,494,21,1.4682,2022,21,1.4682
5,yang (2022a),"<table><tr><td>Authors:</td><td>yang, shiau-ru; jung, tzyy-ping; lin, chin-teng; huang, kuan-chih; wei, chun-shu; chiueh, herming; hsin, yue-loong; liou, guan-ting; wang, li-chun</td></tr><tr><td>Title:</td><td>recognizing tonal and nontonal mandarin sentences for eeg-based brain-computer interface</td></tr><tr><td>Source:</td><td>ieee transactions on cognitive and developmental systems, 14(4), 1666-1677</td></tr><tr><td>Year:</td><td>2022</td></tr></table>",https://doi.org/10.1109/tcds.2021.3137251,0.2694,-0.0182,2,186,256,5,0.3496,2022,5,0.3496
10,garg (2022),"<table><tr><td>Authors:</td><td>garg, nikhil; garg, rohit; anand, apoorv; baths, veeky</td></tr><tr><td>Title:</td><td>decoding the neural signatures of valence and arousal from portable eeg headset</td></tr><tr><td>Source:</td><td>frontiers in human neuroscience, 16</td></tr><tr><td>Year:</td><td>2022</td></tr></table>",https://doi.org/10.3389/fnhum.2022.1051463,0.7448,-0.0056,2,289,666,8,0.5593,2022,8,0.5593
18,mohamed (2024a),"<table><tr><td>Authors:</td><td>mohamed, amr f.; jusas, vacius</td></tr><tr><td>Title:</td><td>comprehensive analysis of feature extraction methods for emotion recognition on motor imagery from multichannel eeg recordings</td></tr><tr><td>Source:</td><td>good practices and new perspectives in information systems and, 986, 211-231</td></tr><tr><td>Year:</td><td>2024</td></tr></table>",https://doi.org/10.1007/978-3-031-60218-4_20,0.8626,-0.0027,2,229,517,3,0.5603,2024,3,0.5603
24,guo (2023),"<table><tr><td>Authors:</td><td>guo, wenhui; xu, guixun; wang, yanjiang</td></tr><tr><td>Title:</td><td>multi-source domain adaptation with spatio-temporal feature extractor for eeg emotion recognition</td></tr><tr><td>Source:</td><td>biomedical signal processing and control, 84</td></tr><tr><td>Year:</td><td>2023</td></tr></table>",https://doi.org/10.1016/j.bspc.2023.104998,1.0046,-0.2353,2,233,711,46,4.1648,2023,46,4.1648
25,fan (2025),"<table><tr><td>Authors:</td><td>fan, cunhang; yang, fan; zhang, jingjing; sun, jingpeng; che, hao; hu, su; wen, zhengqi; lv, zhao</td></tr><tr><td>Title:</td><td>a domain adaptation framework by aligning the inverse gram matrices for cross-subject motor imagery classification</td></tr><tr><td>Source:</td><td>ieee transactions on consumer electronics, 71(2), 5390-5403</td></tr><tr><td>Year:</td><td>2025</td></tr></table>",https://doi.org/10.1109/tce.2025.3573773,-0.1488,-0.3529,4,266,517,1,0.5003,2025,1,0.5003
27,zhang (2018a),"<table><tr><td>Authors:</td><td>zhang, ranran; xiao, xiaoyan; liu, zhi; jiang, wei; li, jianwen; cao, yankun; ren, jianmin; jiang, dongmei; cui, lizhen</td></tr><tr><td>Title:</td><td>a new motor imagery eeg classification method fb-trcsp plus rf based on csp and random forest</td></tr><tr><td>Source:</td><td>ieee access, 6, 44944-44950</td></tr><tr><td>Year:</td><td>2018</td></tr></table>",https://doi.org/10.1109/access.2018.2860633,-0.7979,-0.3731,1,196,365,24,1.1187,2018,24,1.1187
33,yang (2024a),"<table><tr><td>Authors:</td><td>yang, cheng; wang, shiyu; peng, yiteng; zhang, zhichao; kong, lei; zhou, chuyi; tao, ye; chen, xiaoyu</td></tr><tr><td>Title:</td><td>online bci systems: cross-subject motor imagery classification based on weighted time-domain feature extraction methods</td></tr><tr><td>Source:</td><td>journal of engineering design, 35(6), 685-708</td></tr><tr><td>Year:</td><td>2024</td></tr></table>",https://doi.org/10.1080/09544828.2024.2326396,-0.6908,-0.1366,1,217,352,2,0.3735,2024,2,0.3735
37,shen (2023),"<table><tr><td>Authors:</td><td>shen, jian; zhang, yanan; liang, huajian; zhao, zeguang; dong, qunxi; qian, kun; zhang, xiaowei; hu, bin</td></tr><tr><td>Title:</td><td>exploring the intrinsic features of eeg signals via empirical mode decomposition for depression recognition</td></tr><tr><td>Source:</td><td>ieee transactions on neural systems and rehabilitation engineering, 31, 356-365</td></tr><tr><td>Year:</td><td>2023</td></tr></table>",https://doi.org/10.1109/tnsre.2022.3221962,0.3044,0.1864,3,243,314,61,5.5229,2023,61,5.5229
42,ren (2023),"<table><tr><td>Authors:</td><td>ren, qirui; sun, xiaofan; fu, xiangqu; zhang, shuaidi; yuan, yiyang; wu, hao; li, xiaoran; wang, xinghua; zhang, feng</td></tr><tr><td>Title:</td><td>a review of automatic detection of epilepsy based on eeg signals</td></tr><tr><td>Source:</td><td>journal of semiconductors, 44(12)</td></tr><tr><td>Year:</td><td>2023</td></tr></table>",https://doi.org/10.1088/1674-4926/44/12/121401,-0.1414,0.723,3,103,211,3,0.2716,2023,3,0.2716
44,delisle-rodriguez (2023),"<table><tr><td>Authors:</td><td>delisle-rodriguez, denis; silva, leticia; bastos-filho, teodiano</td></tr><tr><td>Title:</td><td>eeg changes during passive movements improve the motor imagery feature extraction in bcis-based sensory feedback calibration</td></tr><tr><td>Source:</td><td>journal of neural engineering, 20(1)</td></tr><tr><td>Year:</td><td>2023</td></tr></table>",https://doi.org/10.1088/1741-2552/acb73b,-0.7123,-0.3386,1,192,330,13,1.177,2023,13,1.177
45,li (2015),"<table><tr><td>Authors:</td><td>li, yudu; ma, sen; hu, zhongze; chen, jiansheng; su, guangda; dou, weibei</td></tr><tr><td>Title:</td><td>single trial eeg classification applied to a face recognition experiment using different feature extraction methods</td></tr><tr><td>Source:</td><td>2015 37th annual international conference of the ieee engineering in, 7246-7249</td></tr><tr><td>Year:</td><td>2015</td></tr></table>",,-0.5574,0.0292,1,251,329,2,0.0854,2015,2,0.0854
48,miao (2017a),"<table><tr><td>Authors:</td><td>miao, minmin; wang, aimin; liu, feixiang</td></tr><tr><td>Title:</td><td>a spatial-frequency-temporal optimized feature sparse representation-based classification method for motor imagery eeg pattern recognition</td></tr><tr><td>Source:</td><td>medical & biological engineering & computing, 55(9), 1589-1603</td></tr><tr><td>Year:</td><td>2017</td></tr></table>",https://doi.org/10.1007/s11517-017-1622-1,-0.9281,-0.288,1,212,459,36,1.119,2017,36,1.119
53,singh (2022),"<table><tr><td>Authors:</td><td>singh, nalini; dehuri, satchidananda</td></tr><tr><td>Title:</td><td>epilepsy detection from electroencephalogram signal using singular value decomposition and extreme learning machine classifier</td></tr><tr><td>Source:</td><td>international journal of biomedical engineering and technology, 39(1), 22-39</td></tr><tr><td>Year:</td><td>2022</td></tr></table>",https://doi.org/10.1504/ijbet.2022.123257,-0.2011,0.819,3,136,375,4,0.2797,2022,4,0.2797
62,wang (2017a),"<table><tr><td>Authors:</td><td>wang, lina; xue, weining; li, yang; luo, meilin; huang, jie; cui, weigang; huang, chao</td></tr><tr><td>Title:</td><td>automatic epileptic seizure detection in eeg signals using multi-domain feature extraction and nonlinear analysis</td></tr><tr><td>Source:</td><td>entropy, 19(6)</td></tr><tr><td>Year:</td><td>2017</td></tr></table>",https://doi.org/10.3390/e19060222,-0.3077,0.9116,3,85,265,177,5.5016,2017,177,5.5016
63,mohamed (2024b),"<table><tr><td>Authors:</td><td>mohamed, amr f.; jusas, vacius</td></tr><tr><td>Title:</td><td>developing innovative feature extraction techniques from the emotion recognition field on motor imagery using brain-computer interface eeg signals</td></tr><tr><td>Source:</td><td>applied sciences-basel, 14(23)</td></tr><tr><td>Year:</td><td>2024</td></tr></table>",https://doi.org/10.3390/app142311323,-0.2047,-0.0924,1,256,382,6,1.1205,2024,6,1.1205
65,mirgholami (2019),"<table><tr><td>Authors:</td><td>mirgholami, mahsa; shahtalebi, soroosh; cui, william; karimi, raika; asif, amir; mohammadi, arash</td></tr><tr><td>Title:</td><td>adaptive subject-specific bayesian spectral filtering for single trial eeg classification</td></tr><tr><td>Source:</td><td>2019 7th ieee global conference on signal and information processing</td></tr><tr><td>Year:</td><td>2019</td></tr></table>",https://doi.org/10.1109/globalsip45357.2019.8969391,-0.7686,-0.3444,1,208,395,0,0,2019,0,0
69,li (2014),"<table><tr><td>Authors:</td><td>li, xinyang; guan, cuntai; zhang, haihong; ang, kai keng; ong, sim heng</td></tr><tr><td>Title:</td><td>adaptation of motor imagery eeg classification model based on tensor decomposition</td></tr><tr><td>Source:</td><td>journal of neural engineering, 11(5)</td></tr><tr><td>Year:</td><td>2014</td></tr></table>",https://doi.org/10.1088/1741-2560/11/5/056020,-0.9594,-0.298,1,175,341,14,0.4712,2014,14,0.4712
75,rodriguez-bermudez (2012),"<table><tr><td>Authors:</td><td>rodriguez-bermudez, german; garcia-laencina, pedro j.</td></tr><tr><td>Title:</td><td>automatic and adaptive classification of electroencephalographic signals for brain computer interfaces</td></tr><tr><td>Source:</td><td>journal of medical systems, 36(1), s51-s63</td></tr><tr><td>Year:</td><td>2012</td></tr></table>",https://doi.org/10.1007/s10916-012-9893-4,-0.754,-0.0164,1,243,467,53,1.4576,2012,53,1.4576
79,du (2023),"<table><tr><td>Authors:</td><td>du, xiuli; kong, meiya; qiu, shaoming; guo, jiangyu; lv, yana</td></tr><tr><td>Title:</td><td>recognition of motor imagery eeg signals based on capsule network</td></tr><tr><td>Source:</td><td>ieee access, 11, 31262-31271</td></tr><tr><td>Year:</td><td>2023</td></tr></table>",https://doi.org/10.1109/access.2023.3262025,-0.3743,-0.3547,4,222,365,5,0.4527,2023,5,0.4527
95,papadopoulos (2022),"<table><tr><td>Authors:</td><td>papadopoulos, sotirios; bonaiuto, james; mattout, jeremie</td></tr><tr><td>Title:</td><td>an impending paradigm shift in motor imagery based brain-computer interfaces</td></tr><tr><td>Source:</td><td>frontiers in neuroscience, 15</td></tr><tr><td>Year:</td><td>2022</td></tr></table>",https://doi.org/10.3389/fnins.2021.824759,-0.8186,-0.1874,1,237,517,6,0.4195,2022,6,0.4195
101,li (2020),"<table><tr><td>Authors:</td><td>li, ming-ai; wang, yi-fan; zhu, xiao-qing; yang, jin-fu</td></tr><tr><td>Title:</td><td>a wrapped time-frequency combined selection in the source domain</td></tr><tr><td>Source:</td><td>biomedical signal processing and control, 57</td></tr><tr><td>Year:</td><td>2020</td></tr></table>",https://doi.org/10.1016/j.bspc.2019.101748,-0.7238,-0.3257,1,198,359,7,0.2773,2020,7,0.2773
107,phunruangsakao (2022),"<table><tr><td>Authors:</td><td>phunruangsakao, chatrin; achanccaray, david; hayashibe, mitsuhiro</td></tr><tr><td>Title:</td><td>deep adversarial domain adaptation with few-shot learning for motor-imagery brain-computer interface</td></tr><tr><td>Source:</td><td>ieee access, 10, 57255-57265</td></tr><tr><td>Year:</td><td>2022</td></tr></table>",https://doi.org/10.1109/access.2022.3178100,-0.1925,-0.3789,4,245,522,33,2.3072,2022,33,2.3072
114,zhang (2023a),"<table><tr><td>Authors:</td><td>zhang, yuan-peng; zhang, xin-yun; cheng, yu-ting; li, bing; teng, xin-zhi; zhang, jiang; lam, saikit; zhou, ta; ma, zong-rui; sheng, jia-bao; tam, victor c. w.; lee, shara w. y.; ge, hong; cai, jing</td></tr><tr><td>Title:</td><td>artificial intelligence-driven radiomics study in cancer: the role of feature engineering and modeling</td></tr><tr><td>Source:</td><td>military medical research, 10(1)</td></tr><tr><td>Year:</td><td>2023</td></tr></table>",https://doi.org/10.1186/s40779-023-00458-8,0.2489,0.0776,3,90,103,175,15.8443,2023,175,15.8443
117,ren (2024),"<table><tr><td>Authors:</td><td>ren, chao; chen, jinbo; li, rui; zheng, weihao; chen, yijiang; yang, yikun; zhang, xiaowei; hu, bin</td></tr><tr><td>Title:</td><td>semi-supervised pairwise transfer learning based on multi-source domain adaptation: a case on eeg-based emotion</td></tr><tr><td>Source:</td><td>knowledge-based systems, 305</td></tr><tr><td>Year:</td><td>2024</td></tr></table>",https://doi.org/10.1016/j.knosys.2024.112669,0.9647,-0.1645,2,209,561,15,2.8013,2024,15,2.8013
124,bablani (2019),"<table><tr><td>Authors:</td><td>bablani, annushree; edla, damodar reddy; tripath, diwakar; cheruku, ramalingaswamy</td></tr><tr><td>Title:</td><td>survey on brain-computer interface: an emerging computational intelligence paradigm</td></tr><tr><td>Source:</td><td>acm computing surveys, 52(1)</td></tr><tr><td>Year:</td><td>2019</td></tr></table>",https://doi.org/10.1145/3297713,-0.6405,-0.0808,1,234,453,58,2.7562,2019,58,2.7562
126,kauati-saito (2025),"<table><tr><td>Authors:</td><td>kauati-saito, eric; pereira, andre da silva; fontana, ana paula; miranda de sa, antonio mauricio ferreira leite; soares, juliana guimaraes martins; tierra-criollo, carlos julio</td></tr><tr><td>Title:</td><td>classification of different motor imagery tasks with the same limb using electroencephalographic signals</td></tr><tr><td>Source:</td><td>sensors, 25(17)</td></tr><tr><td>Year:</td><td>2025</td></tr></table>",https://doi.org/10.3390/s25175291,-0.4925,-0.1458,1,249,411,1,0.5003,2025,1,0.5003
127,arif (2024),"<table><tr><td>Authors:</td><td>arif, muhammad; rehman, faizan ur; sekanina, lukas; malik, amir saeed</td></tr><tr><td>Title:</td><td>a comprehensive survey of evolutionary algorithms and metaheuristics in brain eeg-based applications</td></tr><tr><td>Source:</td><td>journal of neural engineering, 21(5)</td></tr><tr><td>Year:</td><td>2024</td></tr></table>",https://doi.org/10.1088/1741-2552/ad7f8e,0.2344,0.3246,3,263,400,13,2.4278,2024,13,2.4278
129,ouyang (2022),"<table><tr><td>Authors:</td><td>ouyang, delin; yuan, yufei; li, guofa; guo, zizheng</td></tr><tr><td>Title:</td><td>the effect of time window length on eeg-based emotion recognition</td></tr><tr><td>Source:</td><td>sensors, 22(13)</td></tr><tr><td>Year:</td><td>2022</td></tr></table>",https://doi.org/10.3390/s22134939,1.0086,-0.0354,2,208,496,37,2.5869,2022,37,2.5869
133,yuvaraj (2023),"<table><tr><td>Authors:</td><td>yuvaraj, rajamanickam; thagavel, prasanth; thomas, john; fogarty, jack; ali, farhan</td></tr><tr><td>Title:</td><td>comprehensive analysis of feature extraction methods for emotion recognition from multichannel eeg recordings</td></tr><tr><td>Source:</td><td>sensors, 23(2)</td></tr><tr><td>Year:</td><td>2023</td></tr></table>",https://doi.org/10.3390/s23020915,1.0412,0.0527,2,200,639,45,4.0742,2023,45,4.0742
136,vadivelan (2024),"<table><tr><td>Authors:</td><td>vadivelan, d. senthil; sethuramalingam, prabhu; uma, m.</td></tr><tr><td>Title:</td><td>a systematic analysis of intelligent control for robotic arms using non-invasive eeg signals: a comprehensive review</td></tr><tr><td>Source:</td><td>international journal of signal and imaging systems engineering, 13(4)</td></tr><tr><td>Year:</td><td>2024</td></tr></table>",https://doi.org/10.1504/ijsise.2024.10070154,-0.6704,-0.1691,1,235,470,0,0,2024,0,0
139,gao (2016),"<table><tr><td>Authors:</td><td>gao, lin; cheng, wei; zhang, jinhua; wang, jue</td></tr><tr><td>Title:</td><td>eeg classification for motor imagery and resting state in bci applications using multi-class adaboost extreme learning machine</td></tr><tr><td>Source:</td><td>review of scientific instruments, 87(8)</td></tr><tr><td>Year:</td><td>2016</td></tr></table>",https://doi.org/10.1063/1.4959983,-0.8318,-0.1625,1,203,353,37,1.6673,2016,37,1.6673
142,zhu (2024),"<table><tr><td>Authors:</td><td>zhu, mu; bai, zhongli; wu, qingzhou; wang, junchi; xu, wenhui; song, yu; gao, qiang</td></tr><tr><td>Title:</td><td>cfbc: a network for eeg emotion recognition by selecting the information of crucial frequency bands</td></tr><tr><td>Source:</td><td>ieee sensors journal, 24(19), 30451-30461</td></tr><tr><td>Year:</td><td>2024</td></tr></table>",https://doi.org/10.1109/jsen.2024.3440340,1.3042,-0.0948,2,180,532,4,0.747,2024,4,0.747
143,samiee (2017),"<table><tr><td>Authors:</td><td>samiee, kaveh; kovacs, peter; gabbouj, moncef</td></tr><tr><td>Title:</td><td>epileptic seizure detection in long-term eeg records using sparse rational decomposition and local gabor binary patterns feature extraction</td></tr><tr><td>Source:</td><td>knowledge-based systems, 118, 228-240</td></tr><tr><td>Year:</td><td>2017</td></tr></table>",https://doi.org/10.1016/j.knosys.2016.11.023,-0.19,0.7169,3,115,252,86,2.6731,2017,86,2.6731
152,hsu (2015),"<table><tr><td>Authors:</td><td>hsu, wei-yen</td></tr><tr><td>Title:</td><td>assembling a multi-feature eeg classifier for left-right motor imagery data using wavelet-based fuzzy approximate entropy for improved accuracy</td></tr><tr><td>Source:</td><td>international journal of neural systems, 25(8)</td></tr><tr><td>Year:</td><td>2015</td></tr></table>",https://doi.org/10.1142/s0129065715500379,-0.7882,0.111,1,188,339,57,2.435,2015,57,2.435
157,fang (2015),"<table><tr><td>Authors:</td><td>fang, yonghui; chen, minyou; zheng, xufei</td></tr><tr><td>Title:</td><td>extracting features from phase space of eeg signals in brain-computer interfaces</td></tr><tr><td>Source:</td><td>neurocomputing, 151, 1477-1485</td></tr><tr><td>Year:</td><td>2015</td></tr></table>",https://doi.org/10.1016/j.neucom.2014.10.038,-0.8974,-0.0923,1,210,366,58,2.4777,2015,58,2.4777
167,zoumpourlis (2024),"<table><tr><td>Authors:</td><td>zoumpourlis, georgios; patras, ioannis</td></tr><tr><td>Title:</td><td>motor imagery decoding using ensemble curriculum learning and collaborative training</td></tr><tr><td>Source:</td><td>2024 12th international winter conference on brain-computer interface,</td></tr><tr><td>Year:</td><td>2024</td></tr></table>",https://doi.org/10.1109/bci60775.2024.10480476,-0.1145,-0.0971,4,172,269,5,0.9338,2024,5,0.9338
169,jia (2020),"<table><tr><td>Authors:</td><td>jia, tianyu; liu, ke; lu, yijia; liu, yali; li, chong; ji, linhong; qian, chao</td></tr><tr><td>Title:</td><td>small-dimension feature matrix construction method for decoding repetitive finger movements from electroencephalogram signals</td></tr><tr><td>Source:</td><td>ieee access, 8, 56060-56071</td></tr><tr><td>Year:</td><td>2020</td></tr></table>",https://doi.org/10.1109/access.2020.2982210,-0.4667,-0.0456,1,178,239,4,0.1584,2020,4,0.1584
180,dagdevir (2023),"<table><tr><td>Authors:</td><td>dagdevir, eda; tokmakci, mahmut</td></tr><tr><td>Title:</td><td>determination of effective signal processing stages for brain computer interface on bci competition iv data set 2b: a review study</td></tr><tr><td>Source:</td><td>iete journal of research, 69(6), 3144-3155</td></tr><tr><td>Year:</td><td>2023</td></tr></table>",https://doi.org/10.1080/03772063.2021.1914204,-0.6526,-0.1865,1,199,360,12,1.0865,2023,12,1.0865
181,li (2019a),"<table><tr><td>Authors:</td><td>li, mingai; xi, hongwei; zhu, xiaoqing</td></tr><tr><td>Title:</td><td>an incremental version of l-mvu for the feature extraction of mi-eeg</td></tr><tr><td>Source:</td><td>computational intelligence and neuroscience, 2019</td></tr><tr><td>Year:</td><td>2019</td></tr></table>",https://doi.org/10.1155/2019/4317078,-0.8094,-0.0415,1,173,248,5,0.2376,2019,5,0.2376
182,wan (2025),"<table><tr><td>Authors:</td><td>wan, chunting; xu, chuanpei; chen, dongyi; wei, daohong; li, xiang</td></tr><tr><td>Title:</td><td>emotion recognition based on a limited number of multimodal physiological signals channels</td></tr><tr><td>Source:</td><td>measurement, 242</td></tr><tr><td>Year:</td><td>2025</td></tr></table>",https://doi.org/10.1016/j.measurement.2024.115940,1.2565,-0.0574,2,176,444,9,4.503,2025,9,4.503
184,huang (2020),"<table><tr><td>Authors:</td><td>huang, shoulin; chen, yang; wang, tong; ma, ting</td></tr><tr><td>Title:</td><td>spectrum-weighted tensor discriminant analysis for motor imagery-based bci</td></tr><tr><td>Source:</td><td>ieee access, 8, 93749-93759</td></tr><tr><td>Year:</td><td>2020</td></tr></table>",https://doi.org/10.1109/access.2020.2995302,-0.7099,-0.3557,1,220,449,6,0.2377,2020,6,0.2377
187,luo (2022),"<table><tr><td>Authors:</td><td>luo, junhai; tian, yuxin; yu, hang; chen, yu; wu, man</td></tr><tr><td>Title:</td><td>semi-supervised cross-subject emotion recognition based on stacked denoising autoencoder architecture using a fusion of multi-modal physiological signals</td></tr><tr><td>Source:</td><td>entropy, 24(5)</td></tr><tr><td>Year:</td><td>2022</td></tr></table>",https://doi.org/10.3390/e24050577,0.7431,0.1633,2,189,341,18,1.2585,2022,18,1.2585
189,khorshidtalab (2013),"<table><tr><td>Authors:</td><td>khorshidtalab, a.; salami, m. j. e.; hamedi, m.</td></tr><tr><td>Title:</td><td>robust classification of motor imagery eeg signals using statistical time-domain features</td></tr><tr><td>Source:</td><td>physiological measurement, 34(11), 1563-1579</td></tr><tr><td>Year:</td><td>2013</td></tr></table>",https://doi.org/10.1088/0967-3334/34/11/1563,-0.9083,-0.163,1,197,340,22,0.935,2013,22,0.935
192,krishnan (2024),"<table><tr><td>Authors:</td><td>krishnan, palani thanaraj; erramchetty, sudheer kumar; balusa, bhanu chander</td></tr><tr><td>Title:</td><td>advanced framework for epilepsy detection through image-based eeg signal analysis</td></tr><tr><td>Source:</td><td>frontiers in human neuroscience, 18</td></tr><tr><td>Year:</td><td>2024</td></tr></table>",https://doi.org/10.3389/fnhum.2024.1336157,-0.2582,0.8858,3,79,197,11,2.0543,2024,11,2.0543
196,das (2016),"<table><tr><td>Authors:</td><td>das, a. k.; suresh, s.; sundararajan, n.</td></tr><tr><td>Title:</td><td>a robust interval type-2 fuzzy inference based bci system</td></tr><tr><td>Source:</td><td>2016 ieee international conference on systems, man, and cybernetics, 4176-4181</td></tr><tr><td>Year:</td><td>2016</td></tr></table>",,-0.9083,-0.3682,1,189,386,0,0,2016,0,0
207,llera (2014),"<table><tr><td>Authors:</td><td>llera, a.; gomez, v.; kappen, h. j.</td></tr><tr><td>Title:</td><td>adaptive multiclass classification for brain computer interfaces</td></tr><tr><td>Source:</td><td>neural computation, 26(6), 1108-1127</td></tr><tr><td>Year:</td><td>2014</td></tr></table>",https://doi.org/10.1162/neco_a_00592,-0.6668,-0.0504,1,233,401,28,0.9424,2014,28,0.9424
208,zheng (2021),"<table><tr><td>Authors:</td><td>zheng, xiangwei; liu, xiaofeng; zhang, yuang; cui, lizhen; yu, xiaomei</td></tr><tr><td>Title:</td><td>a portable hci system-oriented eeg feature extraction and channel selection for emotion recognition</td></tr><tr><td>Source:</td><td>international journal of intelligent systems, 36(1), 152-176</td></tr><tr><td>Year:</td><td>2021</td></tr></table>",https://doi.org/10.1002/int.22295,0.8713,0.1116,2,213,395,41,2.4145,2021,41,2.4145
212,yang (2025),"<table><tr><td>Authors:</td><td>yang, jiaqi; gu, tianhao; lin, chong; xu, jiazhen</td></tr><tr><td>Title:</td><td>a multi-teacher distilling framework with data privacy for eeg emotion recognition</td></tr><tr><td>Source:</td><td>journal of integrative neuroscience, 24(11)</td></tr><tr><td>Year:</td><td>2025</td></tr></table>",https://doi.org/10.31083/jin44121,1.2078,-0.0699,2,196,598,0,0,2025,0,0
213,faradji (2011),"<table><tr><td>Authors:</td><td>faradji, farhad; ward, rabab k.; birch, gary e.</td></tr><tr><td>Title:</td><td>toward development of a two-state brain-computer interface based on mental tasks</td></tr><tr><td>Source:</td><td>journal of neural engineering, 8(4)</td></tr><tr><td>Year:</td><td>2011</td></tr></table>",https://doi.org/10.1088/1741-2560/8/4/046014,-0.8747,-0.112,1,202,407,10,0.2554,2011,10,0.2554
214,houssein (2017),"<table><tr><td>Authors:</td><td>houssein, essam h.; hassanien, aboul ella; ismaeel, alaa a. k.</td></tr><tr><td>Title:</td><td>eeg signals classification for epileptic detection: a review</td></tr><tr><td>Source:</td><td>proceedings of the second international conference on internet of</td></tr><tr><td>Year:</td><td>2017</td></tr></table>",https://doi.org/10.1145/3018896.3018970,-0.3479,0.687,3,116,216,12,0.373,2017,12,0.373
219,gao (2023a),"<table><tr><td>Authors:</td><td>gao, chenguang; uchitomi, hirotaka; miyake, yoshihiro</td></tr><tr><td>Title:</td><td>cross-sensory eeg emotion recognition with filter bank riemannian feature and adversarial domain adaptation</td></tr><tr><td>Source:</td><td>brain sciences, 13(9)</td></tr><tr><td>Year:</td><td>2023</td></tr></table>",https://doi.org/10.3390/brainsci13091326,0.3611,-0.3052,4,240,427,7,0.6338,2023,7,0.6338
227,yu (2025),"<table><tr><td>Authors:</td><td>yu, changyi; zhang, xiu; zhang, xin; yang, yingjie</td></tr><tr><td>Title:</td><td>eeg emotion recognition using multi-dimensional features with attention-based inception capsule network</td></tr><tr><td>Source:</td><td>biomedical signal processing and control, 110</td></tr><tr><td>Year:</td><td>2025</td></tr></table>",https://doi.org/10.1016/j.bspc.2025.108248,1.2227,-0.0891,2,188,553,4,2.0013,2025,4,2.0013
228,motamedi-fakhr (2014),"<table><tr><td>Authors:</td><td>motamedi-fakhr, shayan; moshrefi-torbati, mohamed; hill, martyn; hill, catherine m.; white, paul r.</td></tr><tr><td>Title:</td><td>signal processing techniques applied to human sleep eeg signals-a review</td></tr><tr><td>Source:</td><td>biomedical signal processing and control, 10, 21-33</td></tr><tr><td>Year:</td><td>2014</td></tr></table>",https://doi.org/10.1016/j.bspc.2013.12.003,-0.2769,0.2951,3,172,265,192,6.4624,2014,192,6.4624
229,vrochidou (2021),"<table><tr><td>Authors:</td><td>vrochidou, eleni; lytridis, chris; bazinas, christos; papakostas, george a.; wagatsuma, hiroaki; kaburlasos, vassilis g.</td></tr><tr><td>Title:</td><td>brain signals classification based on fuzzy lattice reasoning</td></tr><tr><td>Source:</td><td>mathematics, 9(9)</td></tr><tr><td>Year:</td><td>2021</td></tr></table>",https://doi.org/10.3390/math9091063,1.1094,-0.0062,2,187,431,1,0.0589,2021,1,0.0589
233,li (2017a),"<table><tr><td>Authors:</td><td>li, mingyang; chen, wanzhong; zhang, tao</td></tr><tr><td>Title:</td><td>application of modwt and log-normal distribution model for automatic epilepsy identification</td></tr><tr><td>Source:</td><td>biocybernetics and biomedical engineering, 37(4), 679-689</td></tr><tr><td>Year:</td><td>2017</td></tr></table>",https://doi.org/10.1016/j.bbe.2017.08.003,-0.2723,0.861,3,105,302,30,0.9325,2017,30,0.9325
239,lin (2022),"<table><tr><td>Authors:</td><td>lin, ruijing; dong, chaoyi; ma, pengfei; ma, shuang; chen, xiaoyan; liu, huanzi</td></tr><tr><td>Title:</td><td>a fused multidimensional eeg classification method based on an extreme tree feature selection</td></tr><tr><td>Source:</td><td>computational intelligence and neuroscience, 2022</td></tr><tr><td>Year:</td><td>2022</td></tr></table>",https://doi.org/10.1155/2022/7609196,-0.7198,-0.0844,1,183,260,5,0.3496,2022,5,0.3496
243,petrantonakis (2010),"<table><tr><td>Authors:</td><td>petrantonakis, panagiotis c.; hadjileontiadis, leontios j.</td></tr><tr><td>Title:</td><td>emotion recognition from brain signals using hybrid adaptive filtering and higher order crossings analysis</td></tr><tr><td>Source:</td><td>ieee transactions on affective computing, 1(2), 81-97</td></tr><tr><td>Year:</td><td>2010</td></tr></table>",https://doi.org/10.1109/t-affc.2010.7,-0.0302,0.1571,3,173,243,188,5.1125,2010,188,5.1125
253,gudikandula (2025),"<table><tr><td>Authors:</td><td>gudikandula, niharika; janapati, ravichander; sengupta, rakesh; chintala, sridhar</td></tr><tr><td>Title:</td><td>brain computer interface based emotion recognition with error analysis and challenges: an interdisciplinary review</td></tr><tr><td>Source:</td><td>discover applied sciences, 7(8)</td></tr><tr><td>Year:</td><td>2025</td></tr></table>",https://doi.org/10.1007/s42452-025-06692-0,0.6047,0.0029,2,282,609,1,0.5003,2025,1,0.5003
259,zhang (2024a),"<table><tr><td>Authors:</td><td>zhang, shihao; yang, wenting; mou, haonan; pei, zhaodi; li, fangyi; wu, xia</td></tr><tr><td>Title:</td><td>an overview of brain fingerprint identification based on various neuroimaging technologies</td></tr><tr><td>Source:</td><td>ieee transactions on cognitive and developmental systems, 16(1), 151-164</td></tr><tr><td>Year:</td><td>2024</td></tr></table>",https://doi.org/10.1109/tcds.2023.3314155,0.6679,0.0142,2,245,414,15,2.8013,2024,15,2.8013
260,upadhyay (2012),"<table><tr><td>Authors:</td><td>upadhyay, r.; kankar, p. k.; padhy, p. k.; gupta, v. k.</td></tr><tr><td>Title:</td><td>extraction and classification of electroencephalogram signals</td></tr><tr><td>Source:</td><td>2012 ieee international conference on computational intelligence and, 135-138</td></tr><tr><td>Year:</td><td>2012</td></tr></table>",,-0.5155,0.1185,1,161,198,0,0,2012,0,0
261,alvarez-jimenez (2024),"<table><tr><td>Authors:</td><td>alvarez-jimenez, mayra; calle-jimenez, tania; hernandez-alvarez, myriam</td></tr><tr><td>Title:</td><td>a comprehensive evaluation of features and simple machine learning algorithms for electroencephalographic-based emotion recognition</td></tr><tr><td>Source:</td><td>applied sciences-basel, 14(6)</td></tr><tr><td>Year:</td><td>2024</td></tr></table>",https://doi.org/10.3390/app14062228,1.0831,0.0104,2,165,315,6,1.1205,2024,6,1.1205
264,gao (2025),"<table><tr><td>Authors:</td><td>gao, yunyuan; xue, yunfeng; gao, jian</td></tr><tr><td>Title:</td><td>emotion recognition from multichannel eeg signals based on low-rank subspace self-representation features</td></tr><tr><td>Source:</td><td>biomedical signal processing and control, 99</td></tr><tr><td>Year:</td><td>2025</td></tr></table>",https://doi.org/10.1016/j.bspc.2024.106877,1.0694,0.0681,2,170,363,9,4.503,2025,9,4.503
267,li (2025a),"<table><tr><td>Authors:</td><td>li, wei; wang, siyi; shao, shitong; huang, kaizhu</td></tr><tr><td>Title:</td><td>distillation-based domain generalization for cross-dataset eeg-based emotion recognition</td></tr><tr><td>Source:</td><td>ieee transactions on emerging topics in computational intelligence, 9(3), 2474-2490</td></tr><tr><td>Year:</td><td>2025</td></tr></table>",https://doi.org/10.1109/tetci.2024.3449926,1.064,-0.1509,2,225,667,5,2.5017,2025,5,2.5017
269,brodu (2012),"<table><tr><td>Authors:</td><td>brodu, nicolas; lotte, fabien; lecuyer, anatole</td></tr><tr><td>Title:</td><td>exploring two novel features for eeg-based brain-computer interfaces: multifractal cumulants and predictive complexity</td></tr><tr><td>Source:</td><td>neurocomputing, 79, 87-94</td></tr><tr><td>Year:</td><td>2012</td></tr></table>",https://doi.org/10.1016/j.neucom.2011.10.010,-0.8672,-0.0976,1,220,438,47,1.2926,2012,47,1.2926
275,javaid (2022),"<table><tr><td>Authors:</td><td>javaid, h.; manor, r.; kumarnsit, e.; chatpun, s.</td></tr><tr><td>Title:</td><td>decision tree in working memory task effectively characterizes eeg signals in healthy aging adults</td></tr><tr><td>Source:</td><td>irbm, 43(6), 705-714</td></tr><tr><td>Year:</td><td>2022</td></tr></table>",https://doi.org/10.1016/j.irbm.2021.12.001,-0.0438,0.4949,3,130,171,9,0.6292,2022,9,0.6292
281,xu (2023a),"<table><tr><td>Authors:</td><td>xu, guiying; wang, zhenyu; zhao, xi; li, ruxue; zhou, ting; xu, tianheng; hu, honglin</td></tr><tr><td>Title:</td><td>attentional state classification using amplitude and phase feature extraction method based on filter bank and riemannian manifold</td></tr><tr><td>Source:</td><td>ieee transactions on neural systems and rehabilitation engineering, 31, 4402-4412</td></tr><tr><td>Year:</td><td>2023</td></tr></table>",https://doi.org/10.1109/tnsre.2023.3329482,-0.4644,-0.3144,1,224,332,8,0.7243,2023,8,0.7243
289,mcdermott (2023),"<table><tr><td>Authors:</td><td>mcdermott, eric j.; metsomaa, johanna; belardinelli, paolo; grosse-wentrup, moritz; ziemann, ulf; zrenner, christoph</td></tr><tr><td>Title:</td><td>predicting motor behavior: an efficient eeg signal processing pipeline to detect brain states with potential therapeutic relevance for vr-based neurorehabilitation</td></tr><tr><td>Source:</td><td>virtual reality, 27(1), 347-369</td></tr><tr><td>Year:</td><td>2023</td></tr></table>",https://doi.org/10.1007/s10055-021-00538-x,-0.3391,0.1107,1,183,242,17,1.5392,2023,17,1.5392
295,su (2022),"<table><tr><td>Authors:</td><td>su, enze; cai, siqi; xie, longhan; li, haizhou; schultz, tanja</td></tr><tr><td>Title:</td><td>stanet: a spatiotemporal attention network for decoding auditory spatial attention from eeg</td></tr><tr><td>Source:</td><td>ieee transactions on biomedical engineering, 69(7), 2233-2242</td></tr><tr><td>Year:</td><td>2022</td></tr></table>",https://doi.org/10.1109/tbme.2022.3140246,-0.6008,-0.3312,1,221,358,133,9.2988,2022,133,9.2988
310,shen (2021),"<table><tr><td>Authors:</td><td>shen, jian; zhang, xiaowei; huang, xiao; wu, manxi; gao, jin; lu, dawei; ding, zhijie; hu, bin</td></tr><tr><td>Title:</td><td>an optimal channel selection for eeg-based depression detection via kernel-target alignment</td></tr><tr><td>Source:</td><td>ieee journal of biomedical and health informatics, 25(7), 2545-2556</td></tr><tr><td>Year:</td><td>2021</td></tr></table>",https://doi.org/10.1109/jbhi.2020.3045718,0.4031,0.0245,2,226,308,102,6.0068,2021,102,6.0068
317,sigsgaard (2024),"<table><tr><td>Authors:</td><td>sigsgaard, gustav munk; gu, ying</td></tr><tr><td>Title:</td><td>improving the generalization of patient non-specific model for epileptic seizure detection</td></tr><tr><td>Source:</td><td>biomedical physics & engineering express, 10(1)</td></tr><tr><td>Year:</td><td>2024</td></tr></table>",https://doi.org/10.1088/2057-1976/ad097f,-0.0383,0.523,3,120,176,6,1.1205,2024,6,1.1205
318,cattai (2021),"<table><tr><td>Authors:</td><td>cattai, tiziana; colonnese, stefania; corsi, marie-constance; bassett, danielle s.; scarano, gaetano; fallani, fabrizio de vico</td></tr><tr><td>Title:</td><td>phase/amplitude synchronization of brain signals during motor imagery bci tasks</td></tr><tr><td>Source:</td><td>ieee transactions on neural systems and rehabilitation engineering, 29, 1168-1177</td></tr><tr><td>Year:</td><td>2021</td></tr></table>",https://doi.org/10.1109/tnsre.2021.3088637,-0.5837,-0.1153,1,207,326,26,1.5312,2021,26,1.5312
323,colafiglio (2024),"<table><tr><td>Authors:</td><td>colafiglio, tommaso; lombardi, angela; sorino, paolo; brattico, elvira; lofu, domenico; danese, danilo; di sciascio, eugenio; di noia, tommaso; narducci, fedelucio</td></tr><tr><td>Title:</td><td>neurosense: a novel eeg dataset utilizing low-cost, sparse electrode devices for emotion exploration</td></tr><tr><td>Source:</td><td>ieee access, 12, 159296-159315</td></tr><tr><td>Year:</td><td>2024</td></tr></table>",https://doi.org/10.1109/access.2024.3487932,1.093,-0.007,2,199,547,3,0.5603,2024,3,0.5603
325,kuruppu (2026),"<table><tr><td>Authors:</td><td>kuruppu, gayal; wagh, neeraj; kremen, vaclav; varatharajah, yogatheesan</td></tr><tr><td>Title:</td><td>eeg foundation models: a critical review of current progress and future directions</td></tr><tr><td>Source:</td><td>journal of neural engineering, 23(2)</td></tr><tr><td>Year:</td><td>2026</td></tr></table>",https://doi.org/10.1088/1741-2552/ae4455,0.4064,-0.1324,4,263,513,1,3.977,2026,1,3.977
330,xu (2024a),"<table><tr><td>Authors:</td><td>xu, jiacan; li, donglin; zhou, peng; zhang, yuxian; wang, zinan; ma, dazhong</td></tr><tr><td>Title:</td><td>a relation feature comparison network for cross-domain recognition of motion intention</td></tr><tr><td>Source:</td><td>ieee transactions on instrumentation and measurement, 73</td></tr><tr><td>Year:</td><td>2024</td></tr></table>",https://doi.org/10.1109/tim.2024.3420350,-0.357,-0.3888,4,261,567,4,0.747,2024,4,0.747
332,ko (2019),"<table><tr><td>Authors:</td><td>ko, li-wei; komarov, oleksii; lin, shih-chuan</td></tr><tr><td>Title:</td><td>enhancing the hybrid bci performance with the common frequency pattern in dual-channel eeg</td></tr><tr><td>Source:</td><td>ieee transactions on neural systems and rehabilitation engineering, 27(7), 1360-1369</td></tr><tr><td>Year:</td><td>2019</td></tr></table>",https://doi.org/10.1109/tnsre.2019.2920748,-0.8781,-0.2322,1,221,461,21,0.9979,2019,21,0.9979
340,yue (2026),"<table><tr><td>Authors:</td><td>yue, hao; ruan, hengrui; zhao, yawu</td></tr><tr><td>Title:</td><td>lmsa-net: a lightweight multi-scale attention network for eeg-based emotion recognition</td></tr><tr><td>Source:</td><td>biomedical physics & engineering express, 12(1)</td></tr><tr><td>Year:</td><td>2026</td></tr></table>",https://doi.org/10.1088/2057-1976/ae3763,0.9149,-0.1961,2,244,758,0,0,2026,0,0
344,sen (2025),"<table><tr><td>Authors:</td><td>sen, ovishake; soni, raghav; virmani, darpan; parekh, akshar; lehman, patrick; jena, sarthak; katikhaneni, adithi; khalifa, adam; chatterjee, baibhab</td></tr><tr><td>Title:</td><td>a low-latency neural inference framework for real-time handwriting recognition from eeg signals on an edge device</td></tr><tr><td>Source:</td><td>scientific reports, 15(1)</td></tr><tr><td>Year:</td><td>2025</td></tr></table>",https://doi.org/10.1038/s41598-025-24972-y,0.0701,-0.1538,4,154,251,1,0.5003,2025,1,0.5003
345,gao (2022),"<table><tr><td>Authors:</td><td>gao, junfeng; min, xiangde; kang, qianruo; si, huifang; zhan, huimiao; manyande, anne; tian, xuebi; dong, yinhong; zheng, hua; song, jian</td></tr><tr><td>Title:</td><td>effective connectivity in cortical networks during deception: a lie detection study based on eeg</td></tr><tr><td>Source:</td><td>ieee journal of biomedical and health informatics, 26(8), 3755-3766</td></tr><tr><td>Year:</td><td>2022</td></tr></table>",https://doi.org/10.1109/jbhi.2022.3172994,-0.2061,0.0338,1,153,195,14,0.9788,2022,14,0.9788
349,ma (2025a),"<table><tr><td>Authors:</td><td>ma, fei; yuan, yucheng; xie, yifan; ren, hongwei; liu, ivan; he, ying; ren, fuji; yu, fei richard; ni, shiguang</td></tr><tr><td>Title:</td><td>generative technology for human emotion recognition: a scoping review</td></tr><tr><td>Source:</td><td>information fusion, 115</td></tr><tr><td>Year:</td><td>2025</td></tr></table>",https://doi.org/10.1016/j.inffus.2024.102753,1.0836,-0.0361,2,200,520,10,5.0034,2025,10,5.0034
350,li (2025b),"<table><tr><td>Authors:</td><td>li, mingjie; huang, heming; huang, kedi</td></tr><tr><td>Title:</td><td>fcanet: a novel feature fusion approach to eeg emotion recognition based on cross-attention networks</td></tr><tr><td>Source:</td><td>neurocomputing, 638</td></tr><tr><td>Year:</td><td>2025</td></tr></table>",https://doi.org/10.1016/j.neucom.2025.130102,1.1897,-0.0989,2,197,599,9,4.503,2025,9,4.503
354,wei (2022),"<table><tr><td>Authors:</td><td>wei, yuxuan; li, jie; ji, hongfei; jin, lingjing; liu, lingyu; bai, zhongfei; ye, chen</td></tr><tr><td>Title:</td><td>a semi-supervised progressive learning algorithm for brain-computer interface</td></tr><tr><td>Source:</td><td>ieee transactions on neural systems and rehabilitation engineering, 30, 2067-2076</td></tr><tr><td>Year:</td><td>2022</td></tr></table>",https://doi.org/10.1109/tnsre.2022.3192448,-0.3129,-0.233,4,283,504,5,0.3496,2022,5,0.3496
355,smit (2021),"<table><tr><td>Authors:</td><td>smit, dirk j. a.; andreassen, ole a.; boomsma, dorret i.; burwell, scott j.; chorlian, david b.; de geus, eco j. c.; elvsashagen, torbjorn; gordon, reyna l.; harper, jeremy; hegerl, ulrich; hensch, tilman; iacono, william g.; jawinski, philippe; jonsson, erik g.; luykx, jurjen j.; magne, cyrille l.; malone, stephen m.; medland, sarah e.; meyers, jacquelyn l.; moberget, torgeir; porjesz, bernice; sander, christian; sisodiya, sanjay m.; thompson, paul m.; van beijsterveldt, catharina e. m.; van dellen, edwin; via, marc; wright, margaret j.</td></tr><tr><td>Title:</td><td>large-scale collaboration in enigma-eeg: a perspective on the meta-analytic approach to link neurological and psychiatric liability genes to electrophysiological brain activity</td></tr><tr><td>Source:</td><td>brain and behavior, 11(8)</td></tr><tr><td>Year:</td><td>2021</td></tr></table>",https://doi.org/10.1002/brb3.2188,-0.0357,-0.0217,4,155,198,24,1.4134,2021,24,1.4134
356,li (2019b),"<table><tr><td>Authors:</td><td>li, yang; cui, wei-gang; huang, hui; guo, yu-zhu; li, ke; tan, tao</td></tr><tr><td>Title:</td><td>epileptic seizure detection in eeg signals using sparse multiscale radial basis function networks and the fisher vector approach</td></tr><tr><td>Source:</td><td>knowledge-based systems, 164, 96-106</td></tr><tr><td>Year:</td><td>2019</td></tr></table>",https://doi.org/10.1016/j.knosys.2018.10.029,-0.2802,0.9052,3,74,262,115,5.4648,2019,115,5.4648
359,jin (2024),"<table><tr><td>Authors:</td><td>jin, jiarui; chen, zongnan; cai, honghua; pan, jiahui</td></tr><tr><td>Title:</td><td>affective eeg-based person identification with continual learning</td></tr><tr><td>Source:</td><td>ieee transactions on instrumentation and measurement, 73</td></tr><tr><td>Year:</td><td>2024</td></tr></table>",https://doi.org/10.1109/tim.2024.3406836,0.6198,-0.1622,2,230,340,3,0.5603,2024,3,0.5603
360,zhang (2022b),"<table><tr><td>Authors:</td><td>zhang, shang; liu, guangda; xiao, ruolan; cui, wenjie; cai, jing; hu, xinlei; sun, yubing; qiu, jiqing; qi, yuan</td></tr><tr><td>Title:</td><td>a combination of statistical parameters for epileptic seizure detection and classification using vmd and nltwsvm</td></tr><tr><td>Source:</td><td>biocybernetics and biomedical engineering, 42(1), 258-272</td></tr><tr><td>Year:</td><td>2022</td></tr></table>",https://doi.org/10.1016/j.bbe.2022.02.004,-0.2196,0.8699,3,84,217,25,1.7479,2022,25,1.7479
364,jiao (2019),"<table><tr><td>Authors:</td><td>jiao, yong; zhang, yu; chen, xun; yin, erwei; jin, jing; wang, xingyu; cichocki, andrzej</td></tr><tr><td>Title:</td><td>sparse group representation model for motor imagery eeg classification</td></tr><tr><td>Source:</td><td>ieee journal of biomedical and health informatics, 23(2), 631-641</td></tr><tr><td>Year:</td><td>2019</td></tr></table>",https://doi.org/10.1109/jbhi.2018.2832538,-0.8765,-0.2166,1,249,667,159,7.5557,2019,159,7.5557
367,kim (2021),"<table><tr><td>Authors:</td><td>kim, sun-hee; yang, hyung-jeong; nguyen, ngoc anh thi; lee, seong-whan</td></tr><tr><td>Title:</td><td>asemo: automatic approach for eeg-based multiple emotional state identification</td></tr><tr><td>Source:</td><td>ieee journal of biomedical and health informatics, 25(5), 1508-1518</td></tr><tr><td>Year:</td><td>2021</td></tr></table>",https://doi.org/10.1109/jbhi.2020.3032678,0.4681,-0.1734,2,347,793,16,0.9422,2021,16,0.9422
368,handiru (2017),"<table><tr><td>Authors:</td><td>handiru, vikram shenoy; vinod, a. p.; keng, ang kai; chew, effie; guan, cuntai</td></tr><tr><td>Title:</td><td>effects of transcranial direct current stimulation on the motor-imagery brain-computer interface for stroke recovery: an eeg source-space study</td></tr><tr><td>Source:</td><td>2017 ieee international conference on systems, man, and cybernetics, 2322-2327</td></tr><tr><td>Year:</td><td>2017</td></tr></table>",,-0.6346,-0.2109,1,246,378,3,0.0932,2017,3,0.0932
373,bian (2024),"<table><tr><td>Authors:</td><td>bian, doudou; ma, yue; huang, jiayin; xu, dongyang; wang, zhi; cai, shengsheng; wang, jiajun; hu, nan</td></tr><tr><td>Title:</td><td>deep-learning-based motor imagery eeg classification by exploiting the functional connectivity of cortical source imaging</td></tr><tr><td>Source:</td><td>signal image and video processing, 18(4), 2991-3007</td></tr><tr><td>Year:</td><td>2024</td></tr></table>",https://doi.org/10.1007/s11760-023-02965-6,-0.1747,-0.2047,4,310,569,7,1.3073,2024,7,1.3073
375,atheef g a (2026),"<table><tr><td>Authors:</td><td>atheef g a, mohammed; powar, omkar s.</td></tr><tr><td>Title:</td><td>estimating cognitive workload in robot assisted surgery using time and frequency features from eeg epochs with random forest regression</td></tr><tr><td>Source:</td><td>scientific reports, 16(1)</td></tr><tr><td>Year:</td><td>2026</td></tr></table>",https://doi.org/10.1038/s41598-026-35986-5,-0.0247,0.1389,3,191,270,0,0,2026,0,0
380,aslam (2019),"<table><tr><td>Authors:</td><td>aslam, abdul rehman; bin altaf, muhammad awais</td></tr><tr><td>Title:</td><td>an 8 channel patient specific neuromorphic processor for the early screening of autistic children through emotion detection</td></tr><tr><td>Source:</td><td>2019 ieee international symposium on circuits and systems (iscas)</td></tr><tr><td>Year:</td><td>2019</td></tr></table>",,1.118,0.0127,2,178,323,20,0.9504,2019,20,0.9504
390,chu (2024),"<table><tr><td>Authors:</td><td>chu, chao; zhu, lei; huang, aiai; xu, ping; ying, nanjiao; zhang, jianhai</td></tr><tr><td>Title:</td><td>transfer learning with data alignment and optimal transport for eeg based motor imagery classification</td></tr><tr><td>Source:</td><td>journal of neural engineering, 21(1)</td></tr><tr><td>Year:</td><td>2024</td></tr></table>",https://doi.org/10.1088/1741-2552/ad1f7a,-0.2496,-0.2343,1,274,439,7,1.3073,2024,7,1.3073
396,majzoub (2023),"<table><tr><td>Authors:</td><td>majzoub, sohaib; fahmy, ahmed; sibai, fadi; diab, maha; mahmoud, soliman</td></tr><tr><td>Title:</td><td>epilepsy detection with multi-channel eeg signals utilizing alexnet</td></tr><tr><td>Source:</td><td>circuits systems and signal processing, 42(11), 6780-6797</td></tr><tr><td>Year:</td><td>2023</td></tr></table>",https://doi.org/10.1007/s00034-023-02423-1,-0.1694,0.7311,3,98,175,15,1.3581,2023,15,1.3581
402,lian (2024),"<table><tr><td>Authors:</td><td>lian, zequan; xu, tao; yuan, zhen; li, junhua; thakor, nitish; wang, hongtao</td></tr><tr><td>Title:</td><td>driving fatigue detection based on hybrid electroencephalography and eye tracking</td></tr><tr><td>Source:</td><td>ieee journal of biomedical and health informatics, 28(11), 6568-6580</td></tr><tr><td>Year:</td><td>2024</td></tr></table>",https://doi.org/10.1109/jbhi.2024.3446952,0.1918,-0.1049,4,163,214,51,9.5243,2024,51,9.5243
403,dogan (2021),"<table><tr><td>Authors:</td><td>dogan, abdullah; akay, merve; barua, prabal datta; baygin, mehmet; dogan, sengul; tuncer, turker; dogru, ali hikmet; acharya, u. rajendra</td></tr><tr><td>Title:</td><td>primepatnet87: prime pattern and tunable q-factor wavelet transform techniques for automated accurate eeg emotion recognition</td></tr><tr><td>Source:</td><td>computers in biology and medicine, 138</td></tr><tr><td>Year:</td><td>2021</td></tr></table>",https://doi.org/10.1016/j.compbiomed.2021.104867,1.2999,-0.0649,2,178,493,86,5.0646,2021,86,5.0646
412,gomez-morales (2025),"<table><tr><td>Authors:</td><td>gomez-morales, oscar wladimir; collazos-huertas, diego fabian; alvarez-meza, andres marino; castellanos-dominguez, cesar german</td></tr><tr><td>Title:</td><td>eeg signal prediction for motor imagery classification in brain-computer interfaces</td></tr><tr><td>Source:</td><td>sensors, 25(7)</td></tr><tr><td>Year:</td><td>2025</td></tr></table>",https://doi.org/10.3390/s25072259,-0.203,-0.2019,4,158,241,5,2.5017,2025,5,2.5017
413,rajashekhar (2023),"<table><tr><td>Authors:</td><td>rajashekhar, u.; neelappa; harish, h. m.</td></tr><tr><td>Title:</td><td>automatic diseases detection and classification of eeg signal with pervasive computing using machine learning</td></tr><tr><td>Source:</td><td>international journal of pervasive computing and communications, 19(3), 432-450</td></tr><tr><td>Year:</td><td>2023</td></tr></table>",https://doi.org/10.1108/ijpcc-09-2021-0216,-0.3819,0.7361,3,105,223,3,0.2716,2023,3,0.2716
435,bhardwaj (2016),"<table><tr><td>Authors:</td><td>bhardwaj, arpit; tiwari, aruna; krishna, ramesh; varma, vishaal</td></tr><tr><td>Title:</td><td>a novel genetic programming approach for epileptic seizure, detection</td></tr><tr><td>Source:</td><td>computer methods and programs in biomedicine, 124, 2-18</td></tr><tr><td>Year:</td><td>2016</td></tr></table>",https://doi.org/10.1016/j.cmpb.2015.10.001,-0.3151,0.8618,3,101,334,49,2.2081,2016,49,2.2081
437,belwafi (2017),"<table><tr><td>Authors:</td><td>belwafi, kais; ghaffari, fakhreddine; djemal, ridha; romain, olivier</td></tr><tr><td>Title:</td><td>a hardware/software prototype of eeg-based bci system for home device control</td></tr><tr><td>Source:</td><td>journal of signal processing systems for signal image and video, 89(2), 263-279</td></tr><tr><td>Year:</td><td>2017</td></tr></table>",https://doi.org/10.1007/s11265-016-1192-8,-0.7406,-0.18,1,179,268,30,0.9325,2017,30,0.9325
439,feng (2025),"<table><tr><td>Authors:</td><td>feng, zehui; yang, yangge; zhang, chenqi; li, junxuan; han, ting</td></tr><tr><td>Title:</td><td>a novel hierarchical attention-guided refinement method with eeg assistance for enhancing target speech in a multi-speaker competing environment</td></tr><tr><td>Source:</td><td>advanced engineering informatics, 65</td></tr><tr><td>Year:</td><td>2025</td></tr></table>",https://doi.org/10.1016/j.aei.2025.103363,-0.1454,-0.0788,4,286,395,1,0.5003,2025,1,0.5003
444,lee (2024a),"<table><tr><td>Authors:</td><td>lee, minji; park, hyeong-yeong; park, wanjoo; kim, keun-tae; kim, yun-hee; jeong, ji-hoon</td></tr><tr><td>Title:</td><td>multi-task heterogeneous ensemble learning-based cross-subject eeg classification under stroke patients</td></tr><tr><td>Source:</td><td>ieee transactions on neural systems and rehabilitation engineering, 32, 1767-1778</td></tr><tr><td>Year:</td><td>2024</td></tr></table>",https://doi.org/10.1109/tnsre.2024.3395133,-0.3223,-0.2322,4,293,558,11,2.0543,2024,11,2.0543
451,cheah (2021),"<table><tr><td>Authors:</td><td>cheah, kit hwa; nisar, humaira; yap, vooi voon; lee, chen-yi; sinha, g. r.</td></tr><tr><td>Title:</td><td>optimizing residual networks and vgg for classification of eeg signals: identifying ideal channels for emotion recognition</td></tr><tr><td>Source:</td><td>journal of healthcare engineering, 2021</td></tr><tr><td>Year:</td><td>2021</td></tr></table>",https://doi.org/10.1155/2021/5599615,0.9758,-0.2134,2,199,417,36,2.1201,2021,36,2.1201
452,kang (2021),"<table><tr><td>Authors:</td><td>kang, qiaoju; gao, qiang; song, yu; tian, zekun; yang, yi; mao, zemin; dong, enzeng</td></tr><tr><td>Title:</td><td>emotion recognition from eeg signals of hearing-impaired people using stacking ensemble learning framework based on a novel brain network</td></tr><tr><td>Source:</td><td>ieee sensors journal, 21(20), 23245-23255</td></tr><tr><td>Year:</td><td>2021</td></tr></table>",https://doi.org/10.1109/jsen.2021.3108471,1.195,-0.0576,2,182,473,17,1.0011,2021,17,1.0011
456,han (2025),"<table><tr><td>Authors:</td><td>han, qi; wei, yi; pei, ziyi; weng, tengfei; qin, jiajia; xu, yecheng; li, sihan; tian, yuan; li, zhong; pei, yangjun</td></tr><tr><td>Title:</td><td>a multi-branch electroencephalogram emotion recognition framework based on cross-subject or cross-session multi-perspective representation fusion</td></tr><tr><td>Source:</td><td>neurocomputing, 658</td></tr><tr><td>Year:</td><td>2025</td></tr></table>",https://doi.org/10.1016/j.neucom.2025.131767,1.0827,-0.2495,2,234,848,0,0,2025,0,0
463,yildirim (2021),"<table><tr><td>Authors:</td><td>yildirim, esen; kaya, yasin; kilic, fatih</td></tr><tr><td>Title:</td><td>a channel selection method for emotion recognition from eeg based on swarm-intelligence algorithms</td></tr><tr><td>Source:</td><td>ieee access, 9, 109889-109902</td></tr><tr><td>Year:</td><td>2021</td></tr></table>",https://doi.org/10.1109/access.2021.3100638,0.6177,0.1465,2,228,374,22,1.2956,2021,22,1.2956
470,miah (2020),"<table><tr><td>Authors:</td><td>miah, abu saleh musa; rahim, md abdur; shin, jungpil</td></tr><tr><td>Title:</td><td>motor-imagery classification using riemannian geometry with median absolute deviation</td></tr><tr><td>Source:</td><td>electronics, 9(10)</td></tr><tr><td>Year:</td><td>2020</td></tr></table>",https://doi.org/10.3390/electronics9101584,-0.7774,-0.2067,1,225,458,30,1.1883,2020,30,1.1883
472,liang (2021),"<table><tr><td>Authors:</td><td>liang, zhen; zhou, rushuang; zhang, li; li, linling; huang, gan; zhang, zhiguo; ishii, shin</td></tr><tr><td>Title:</td><td>eegfusenet: hybrid unsupervised deep feature characterization and fusion for high-dimensional eeg with an application to emotion recognition</td></tr><tr><td>Source:</td><td>ieee transactions on neural systems and rehabilitation engineering, 29, 1913-1925</td></tr><tr><td>Year:</td><td>2021</td></tr></table>",https://doi.org/10.1109/tnsre.2021.3111689,0.9451,-0.1912,2,240,694,86,5.0646,2021,86,5.0646
481,hua (2025),"<table><tr><td>Authors:</td><td>hua, chengcheng; dai, zhian; yang, wenqing; chen, yuechi; tao, jianlong; chen, dapeng; liu, jia; fu, rongrong</td></tr><tr><td>Title:</td><td>eeg-based virtual reality motion sickness detection model with lead embedding and siamese network</td></tr><tr><td>Source:</td><td>signal image and video processing, 19(14)</td></tr><tr><td>Year:</td><td>2025</td></tr></table>",https://doi.org/10.1007/s11760-025-04793-2,0.31,-0.2535,4,136,256,0,0,2025,0,0
482,zhi (2025),"<table><tr><td>Authors:</td><td>zhi, hongyi; yu, tianyou; gu, zhenghui; lin, zhuobin; che, le; li, yuanqing; yu, zhuliang</td></tr><tr><td>Title:</td><td>supervised contrastive learning-based domain generalization network for cross-subject motor decoding</td></tr><tr><td>Source:</td><td>ieee transactions on biomedical engineering, 72(1), 401-412</td></tr><tr><td>Year:</td><td>2025</td></tr></table>",https://doi.org/10.1109/tbme.2024.3432934,-0.1021,-0.2614,4,307,684,11,5.5037,2025,11,5.5037
483,panachakel (2021),"<table><tr><td>Authors:</td><td>panachakel, jerrin thomas; ramakrishnan, angarai ganesan</td></tr><tr><td>Title:</td><td>decoding covert speech from eeg-a comprehensive review</td></tr><tr><td>Source:</td><td>frontiers in neuroscience, 15</td></tr><tr><td>Year:</td><td>2021</td></tr></table>",https://doi.org/10.3389/fnins.2021.642251,-0.164,-0.0577,4,228,387,98,5.7713,2021,98,5.7713
484,lee (2023),"<table><tr><td>Authors:</td><td>lee, hsiang-chen; lee, ching-hung</td></tr><tr><td>Title:</td><td>generalized optimal eeg channels selection for motor imagery brain-computer interface</td></tr><tr><td>Source:</td><td>ieee sensors journal, 23(20), 25356-25366</td></tr><tr><td>Year:</td><td>2023</td></tr></table>",https://doi.org/10.1109/jsen.2023.3313236,-0.6225,-0.3209,1,261,518,8,0.7243,2023,8,0.7243
485,haresh (2025),"<table><tr><td>Authors:</td><td>haresh, m., v; kannadasan, k.; begum, b. shameedha</td></tr><tr><td>Title:</td><td>an eeg-based imagined speech recognition using csp-tp feature fusion for enhanced bci communication</td></tr><tr><td>Source:</td><td>behavioural brain research, 493</td></tr><tr><td>Year:</td><td>2025</td></tr></table>",https://doi.org/10.1016/j.bbr.2025.115652,-0.7718,-0.268,1,193,361,3,1.501,2025,3,1.501
489,mahmoudi (2018),"<table><tr><td>Authors:</td><td>mahmoudi, mahmoud; shamsi, mousa</td></tr><tr><td>Title:</td><td>multi-class eeg classification of motor imagery signal by finding optimal time segments and features using snr-based mutual information</td></tr><tr><td>Source:</td><td>australasian physical & engineering sciences in medicine, 41(4), 957-972</td></tr><tr><td>Year:</td><td>2018</td></tr></table>",https://doi.org/10.1007/s13246-018-0691-2,-0.7495,-0.0035,1,253,448,13,0.606,2018,13,0.606
499,zhang (2023b),"<table><tr><td>Authors:</td><td>zhang, yukun; qiu, shuang; wei, wei; ma, xuelin; he, huiguang</td></tr><tr><td>Title:</td><td>dynamic weighted filter bank domain adaptation for motor imagery brain-computer interfaces</td></tr><tr><td>Source:</td><td>ieee transactions on cognitive and developmental systems, 15(3), 1348-1359</td></tr><tr><td>Year:</td><td>2023</td></tr></table>",https://doi.org/10.1109/tcds.2022.3209801,-0.4435,-0.3353,1,305,843,7,0.6338,2023,7,0.6338
502,li (2021a),"<table><tr><td>Authors:</td><td>li, wei; zhang, zhen; hou, bowen; li, xiaoyu</td></tr><tr><td>Title:</td><td>a novel spatio-temporal field for emotion recognition based on eeg signals</td></tr><tr><td>Source:</td><td>ieee sensors journal, 21(23), 26941-26950</td></tr><tr><td>Year:</td><td>2021</td></tr></table>",https://doi.org/10.1109/jsen.2021.3121293,1.2628,-0.0739,2,176,428,14,0.8245,2021,14,0.8245
503,masood (2021a),"<table><tr><td>Authors:</td><td>masood, naveen; farooq, humera</td></tr><tr><td>Title:</td><td>comparing neural correlates of human emotions across multiple stimulus presentation paradigms</td></tr><tr><td>Source:</td><td>brain sciences, 11(6)</td></tr><tr><td>Year:</td><td>2021</td></tr></table>",https://doi.org/10.3390/brainsci11060696,0.5083,-0.1407,2,290,536,11,0.6478,2021,11,0.6478
505,lin (2025),"<table><tr><td>Authors:</td><td>lin, kunqiang; li, ying; he, yiren; jiang, zihan; he, renjie; wang, xianzhe; guo, hongxu; guo, lei</td></tr><tr><td>Title:</td><td>eeg emotion recognition across subjects based on deep feature aggregation and multi-source domain adaptation</td></tr><tr><td>Source:</td><td>cognitive neurodynamics, 20(1)</td></tr><tr><td>Year:</td><td>2025</td></tr></table>",https://doi.org/10.1007/s11571-025-10379-y,1.3233,-0.2493,2,164,504,1,0.5003,2025,1,0.5003
507,liu (2020),"<table><tr><td>Authors:</td><td>liu, tengjun; huang, gan; jiang, ning; yao, lin; zhang, zhiguo</td></tr><tr><td>Title:</td><td>reduce brain computer interface inefficiency by combining sensory motor rhythm and movement-related cortical potential features</td></tr><tr><td>Source:</td><td>journal of neural engineering, 17(3)</td></tr><tr><td>Year:</td><td>2020</td></tr></table>",https://doi.org/10.1088/1741-2552/ab914d,-0.8511,-0.2643,1,208,453,20,0.7922,2020,20,0.7922
514,krishna (2023),"<table><tr><td>Authors:</td><td>krishna, rahul; das, kritiprasanna; meena, hemant kumar; pachori, ram bilas</td></tr><tr><td>Title:</td><td>spectral graph wavelet transform-based feature representation for automated classification of emotions from eeg signal</td></tr><tr><td>Source:</td><td>ieee sensors journal, 23(24), 31229-31236</td></tr><tr><td>Year:</td><td>2023</td></tr></table>",https://doi.org/10.1109/jsen.2023.3330090,1.1525,-0.0411,2,196,548,24,2.1729,2023,24,2.1729
523,guo (2020),"<table><tr><td>Authors:</td><td>guo, yao; zhang, yuan; chen, zhiqiang; liu, yi; chen, wei</td></tr><tr><td>Title:</td><td>eeg classification by filter band component regularized common spatial pattern for motor imagery</td></tr><tr><td>Source:</td><td>biomedical signal processing and control, 59</td></tr><tr><td>Year:</td><td>2020</td></tr></table>",https://doi.org/10.1016/j.bspc.2020.101917,-0.8281,-0.3575,1,193,427,25,0.9903,2020,25,0.9903
536,yi (2013),"<table><tr><td>Authors:</td><td>yi, weibo; qiu, shuang; qi, hongzhi; zhang, lixin; wan, baikun; ming, dong</td></tr><tr><td>Title:</td><td>eeg feature comparison and classification of simple and compound limb motor imagery</td></tr><tr><td>Source:</td><td>journal of neuroengineering and rehabilitation, 10</td></tr><tr><td>Year:</td><td>2013</td></tr></table>",https://doi.org/10.1186/1743-0003-10-106,-0.7088,-0.1473,1,288,722,141,5.9924,2013,141,5.9924
537,chaturvedi (2022),"<table><tr><td>Authors:</td><td>chaturvedi, vybhav; kaur, arman beer; varshney, vedansh; garg, anupam; chhabra, gurpal singh; kumar, munish</td></tr><tr><td>Title:</td><td>music mood and human emotion recognition based on physiological signals: a systematic review</td></tr><tr><td>Source:</td><td>multimedia systems, 28(1), 21-44</td></tr><tr><td>Year:</td><td>2022</td></tr></table>",https://doi.org/10.1007/s00530-021-00786-6,0.8322,0.0169,2,275,781,54,3.7754,2022,54,3.7754
544,dos santos (2023),"<table><tr><td>Authors:</td><td>dos santos, eliana m. m.; san-martin, rodrigo; fraga, francisco j. j.</td></tr><tr><td>Title:</td><td>comparison of subject-independent and subject-specific eeg-based bci using lda and svm classifiers</td></tr><tr><td>Source:</td><td>medical & biological engineering & computing, 61(3), 835-845</td></tr><tr><td>Year:</td><td>2023</td></tr></table>",https://doi.org/10.1007/s11517-023-02769-3,-0.938,-0.2195,1,233,530,30,2.7162,2023,30,2.7162
553,pan (2026),"<table><tr><td>Authors:</td><td>pan, jie; dong, zhijie; zhao, pengjun; chen, jiayin; zou, xiaoyu; song, jiajing; zhang, liwen</td></tr><tr><td>Title:</td><td>low-redundancy motor imagery eeg decoding based on dynamic attention and feature reconstruction</td></tr><tr><td>Source:</td><td>neurocomputing, 661</td></tr><tr><td>Year:</td><td>2026</td></tr></table>",https://doi.org/10.1016/j.neucom.2025.132004,0.102,-0.1601,4,205,411,0,0,2026,0,0
556,swain (2025),"<table><tr><td>Authors:</td><td>swain, bhanja kishor; rout, susanta kumar; sahani, mrutyunjaya; dash, pradipta kishore; panda, sanjib kumar</td></tr><tr><td>Title:</td><td>epileptic seizure recognition using improved modes decomposition and online sequential autoencoder multi-kernel broad learning system</td></tr><tr><td>Source:</td><td>ieee sensors journal, 25(6), 10454-10465</td></tr><tr><td>Year:</td><td>2025</td></tr></table>",https://doi.org/10.1109/jsen.2025.3532456,-0.2276,0.763,3,91,163,2,1.0007,2025,2,1.0007
568,suwannarat (2024),"<table><tr><td>Authors:</td><td>suwannarat, arpa; pan-ngum, setha; israsena, pasin</td></tr><tr><td>Title:</td><td>analysis of minimal channel electroencephalography for wearable brain-computer interface</td></tr><tr><td>Source:</td><td>electronics, 13(3)</td></tr><tr><td>Year:</td><td>2024</td></tr></table>",https://doi.org/10.3390/electronics13030565,-0.6178,-0.1598,1,275,591,8,1.494,2024,8,1.494
571,abbasi (2025),"<table><tr><td>Authors:</td><td>abbasi, hafza faiza; ahmed abbasi, muhammad; shen jianbo; xiang liping; yu, xiaojun</td></tr><tr><td>Title:</td><td>trinet: a hybrid feature integration approach for motor imagery classification in brain-computer interface</td></tr><tr><td>Source:</td><td>ieee access, 13, 115406-115418</td></tr><tr><td>Year:</td><td>2025</td></tr></table>",https://doi.org/10.1109/access.2025.3585180,0.1349,-0.2885,4,135,269,1,0.5003,2025,1,0.5003
585,rashid (2021),"<table><tr><td>Authors:</td><td>rashid, mamunur; bari, bifta sama; hasan, md jahid; razman, mohd azraai mohd; musa, rabiu muazu; ab nasir, ahmad fakhri; majeed, anwar p. p. abdul</td></tr><tr><td>Title:</td><td>the classification of motor imagery response: an accuracy enhancement through the ensemble of random subspace k-nn</td></tr><tr><td>Source:</td><td>peerj computer science</td></tr><tr><td>Year:</td><td>2021</td></tr></table>",https://doi.org/10.7717/peerj-cs.374,-0.706,-0.2211,1,238,485,29,1.7078,2021,29,1.7078
587,dokare (2025),"<table><tr><td>Authors:</td><td>dokare, indu; gupta, sudha</td></tr><tr><td>Title:</td><td>shap-driven explainable ai with simulated annealing for optimized seizure detection using multichannel eeg signal</td></tr><tr><td>Source:</td><td>cognitive neurodynamics, 19(1)</td></tr><tr><td>Year:</td><td>2025</td></tr></table>",https://doi.org/10.1007/s11571-025-10269-3,-0.0975,0.5688,3,97,145,5,2.5017,2025,5,2.5017
596,yang (2020a),"<table><tr><td>Authors:</td><td>yang, guosheng; jiao, rui; jiang, huiping; zhang, ting</td></tr><tr><td>Title:</td><td>ground truth dataset for eeg-based emotion recognition with visual indication</td></tr><tr><td>Source:</td><td>ieee access, 8, 188503-188514</td></tr><tr><td>Year:</td><td>2020</td></tr></table>",https://doi.org/10.1109/access.2020.3030680,1.0564,-0.0648,2,191,446,4,0.1584,2020,4,0.1584
603,jiman (2025),"<table><tr><td>Authors:</td><td>jiman, ahmad a.; attar, eyad talal</td></tr><tr><td>Title:</td><td>unsupervised clustering of pre-ictal eeg in children: a reproducible and lightweight cpu-based workflow</td></tr><tr><td>Source:</td><td>frontiers in neurology, 16</td></tr><tr><td>Year:</td><td>2025</td></tr></table>",https://doi.org/10.3389/fneur.2025.1665008,-0.1165,0.3614,3,161,199,1,0.5003,2025,1,0.5003
606,suk (2011),"<table><tr><td>Authors:</td><td>suk, heung-il; lee, seong-whan</td></tr><tr><td>Title:</td><td>subject and class specific frequency bands selection for multiclass motor imagery classification</td></tr><tr><td>Source:</td><td>international journal of imaging systems and technology, 21(2), 123-130</td></tr><tr><td>Year:</td><td>2011</td></tr></table>",https://doi.org/10.1002/ima.20283,-0.9154,-0.2829,1,215,453,83,2.1197,2011,83,2.1197
620,al-hadeethi (2020),"<table><tr><td>Authors:</td><td>al-hadeethi, hanan; abdulla, shahab; diykh, mohammed; deo, ravinesh c.; green, jonathan h.</td></tr><tr><td>Title:</td><td>adaptive boost ls-svm classification approach for time-series signal classification in epileptic seizure diagnosis applications</td></tr><tr><td>Source:</td><td>expert systems with applications, 161</td></tr><tr><td>Year:</td><td>2020</td></tr></table>",https://doi.org/10.1016/j.eswa.2020.113676,-0.3036,0.9018,3,92,371,68,2.6935,2020,68,2.6935
622,li (2013),"<table><tr><td>Authors:</td><td>li, peiyang; xu, peng; zhang, rui; guo, lanjin; yao, dezhong</td></tr><tr><td>Title:</td><td>l1 norm based common spatial patterns decomposition for scalp eeg bci</td></tr><tr><td>Source:</td><td>biomedical engineering online, 12</td></tr><tr><td>Year:</td><td>2013</td></tr></table>",https://doi.org/10.1186/1475-925x-12-77,-0.9403,-0.2389,1,197,412,32,1.36,2013,32,1.36
629,ogino (2018),"<table><tr><td>Authors:</td><td>ogino, mikito; mitsukura, yasue</td></tr><tr><td>Title:</td><td>portable drowsiness detection through use of a prefrontal single-channel electroencephalogram</td></tr><tr><td>Source:</td><td>sensors, 18(12)</td></tr><tr><td>Year:</td><td>2018</td></tr></table>",https://doi.org/10.3390/s18124477,-0.0234,0.2021,3,151,200,66,3.0765,2018,66,3.0765
634,sayilgan (2022),"<table><tr><td>Authors:</td><td>sayilgan, e.; yuce, y. k.; isler, y.</td></tr><tr><td>Title:</td><td>investigating the effect of flickering frequency pair and mother wavelet selection in steady-state visually-evoked potentials on two-command brain-computer interfaces</td></tr><tr><td>Source:</td><td>irbm, 43(6), 594-603</td></tr><tr><td>Year:</td><td>2022</td></tr></table>",https://doi.org/10.1016/j.irbm.2022.04.006,-0.5543,0.0144,1,179,253,13,0.9089,2022,13,0.9089
636,gaur (2016),"<table><tr><td>Authors:</td><td>gaur, pramod; pachori, rain bilas; wang, hui; prasad, girijesh</td></tr><tr><td>Title:</td><td>a multivariate empirical mode decomposition based filtering for subject independent bci</td></tr><tr><td>Source:</td><td>2016 27th irish signals and systems conference (issc)</td></tr><tr><td>Year:</td><td>2016</td></tr></table>",,-0.788,0.0476,1,189,286,3,0.1352,2016,3,0.1352
637,liu (2017a),"<table><tr><td>Authors:</td><td>liu, yi-hung; huang, shiuan; huang, yi-de</td></tr><tr><td>Title:</td><td>motor imagery eeg classification for patients with amyotrophic lateral sclerosis using fractal dimension and fisher's criterion-based channel selection</td></tr><tr><td>Source:</td><td>sensors, 17(7)</td></tr><tr><td>Year:</td><td>2017</td></tr></table>",https://doi.org/10.3390/s17071557,-0.7724,-0.0462,1,240,465,37,1.1501,2017,37,1.1501
650,kaleem (2018),"<table><tr><td>Authors:</td><td>kaleem, muhammad; gurve, dharmendra; guergachi, aziz; krishnan, sridhar</td></tr><tr><td>Title:</td><td>patient-specific seizure detection in long-term eeg using signal-derived empirical mode decomposition (emd)-based dictionary approach</td></tr><tr><td>Source:</td><td>journal of neural engineering, 15(5)</td></tr><tr><td>Year:</td><td>2018</td></tr></table>",https://doi.org/10.1088/1741-2552/aaceb1,-0.2171,0.7622,3,93,168,32,1.4917,2018,32,1.4917
651,mirjalili (2022),"<table><tr><td>Authors:</td><td>mirjalili, soroush; powell, patrick; strunk, jonathan; james, taylor; duarte, audrey</td></tr><tr><td>Title:</td><td>evaluation of classification approaches for distinguishing brain states predictive of episodic memory performance from electroencephalography* abbreviated title: evaluating methods of classifying memory states from eeg</td></tr><tr><td>Source:</td><td>neuroimage, 247</td></tr><tr><td>Year:</td><td>2022</td></tr></table>",https://doi.org/10.1016/j.neuroimage.2021.118851,-0.4803,0.0069,1,264,398,11,0.7691,2022,11,0.7691
657,suwannarat (2018),"<table><tr><td>Authors:</td><td>suwannarat, arpa; pan-ngum, setha; israsena, pasin</td></tr><tr><td>Title:</td><td>comparison of eeg measurement of upper limb movement in motor imagery training system</td></tr><tr><td>Source:</td><td>biomedical engineering online, 17</td></tr><tr><td>Year:</td><td>2018</td></tr></table>",https://doi.org/10.1186/s12938-018-0534-0,-0.837,-0.1924,1,223,504,26,1.212,2018,26,1.212
669,wijayanto (2023),"<table><tr><td>Authors:</td><td>wijayanto, inung; humairani, annisa; hadiyoso, sugondo; rizal, achmad; prasanna, dasari lakshmi; tripathi, suman lata</td></tr><tr><td>Title:</td><td>epileptic seizure detection on a compressed eeg signal using energy measurement</td></tr><tr><td>Source:</td><td>biomedical signal processing and control, 85</td></tr><tr><td>Year:</td><td>2023</td></tr></table>",https://doi.org/10.1016/j.bspc.2023.104872,-0.2197,0.7363,3,97,150,11,0.9959,2023,11,0.9959
692,pham (2022),"<table><tr><td>Authors:</td><td>pham, nhat; jia, hong; tran, minh; dinh, tuan; bui, nam; kwon, young; ma, dong; nguyen, phuc; mascolo, cecilia; vu, tam</td></tr><tr><td>Title:</td><td>pros: an efficient pattern-driven compressive sensing framework for low-power biopotential-basedwearables with on-chip intelligence</td></tr><tr><td>Source:</td><td>proceedings of the 2022 the 28th annual international conference on, 661-675</td></tr><tr><td>Year:</td><td>2022</td></tr></table>",https://doi.org/10.1145/3495243.3560533,0.4833,0.1542,2,206,261,9,0.6292,2022,9,0.6292
731,brandmayr (2022),"<table><tr><td>Authors:</td><td>brandmayr, georg; hartmann, manfred; furbass, franz; matz, gerald; samwald, matthias; kluge, tilmann; dorffner, georg</td></tr><tr><td>Title:</td><td>relational local electroencephalography representations for sleep scoring</td></tr><tr><td>Source:</td><td>neural networks, 154, 310-322</td></tr><tr><td>Year:</td><td>2022</td></tr></table>",https://doi.org/10.1016/j.neunet.2022.07.020,0.2117,0.0809,4,135,193,8,0.5593,2022,8,0.5593
740,zhong (2024),"<table><tr><td>Authors:</td><td>zhong, xiangwen; liu, guoyang; dong, xingchen; li, chuanyu; li, haotian; cui, haozhou; zhou, weidong</td></tr><tr><td>Title:</td><td>automatic seizure detection based on stockwell transform and transformer</td></tr><tr><td>Source:</td><td>sensors, 24(1)</td></tr><tr><td>Year:</td><td>2024</td></tr></table>",https://doi.org/10.3390/s24010077,-0.0994,0.6632,3,125,242,25,4.6688,2024,25,4.6688
755,guo (2019),"<table><tr><td>Authors:</td><td>guo, kairui; chai, rifai; candra, henry; guo, ying; song, rong; nguyen, hung; su, steven</td></tr><tr><td>Title:</td><td>a hybrid fuzzy cognitive map/support vector machine approach for eeg-based emotion classification using compressed sensing</td></tr><tr><td>Source:</td><td>international journal of fuzzy systems, 21(1), 263-273</td></tr><tr><td>Year:</td><td>2019</td></tr></table>",https://doi.org/10.1007/s40815-018-0567-3,1.1622,0.0516,2,158,327,38,1.8058,2019,38,1.8058
757,gao (2026),"<table><tr><td>Authors:</td><td>gao, xuange; wang, danli; zhao, yanyan; wang, xinyuan</td></tr><tr><td>Title:</td><td>emoeeg: a transferable generalist framework for eeg emotion recognition via information bottleneck theory</td></tr><tr><td>Source:</td><td>pattern recognition, 172</td></tr><tr><td>Year:</td><td>2026</td></tr></table>",https://doi.org/10.1016/j.patcog.2025.112775,1.3273,-0.0975,2,167,412,1,3.977,2026,1,3.977
815,fauzi (2020),"<table><tr><td>Authors:</td><td>fauzi, hilman; shapiai, mohd ibrahim; khairuddin, uswah</td></tr><tr><td>Title:</td><td>transfer learning of bci using cur algorithm</td></tr><tr><td>Source:</td><td>journal of signal processing systems for signal image and video, 92(1), 109-121</td></tr><tr><td>Year:</td><td>2020</td></tr></table>",https://doi.org/10.1007/s11265-019-1440-9,-0.8563,-0.3128,1,227,515,5,0.1981,2020,5,0.1981
845,wen (2026a),"<table><tr><td>Authors:</td><td>wen, xinyi; xu, wei; tian, lei; guo, cuijuan; bai, jinjun</td></tr><tr><td>Title:</td><td>video-dominant emotion recognition for portable eeg-based devices</td></tr><tr><td>Source:</td><td>scientific reports, 16(1)</td></tr><tr><td>Year:</td><td>2026</td></tr></table>",https://doi.org/10.1038/s41598-026-39315-8,1.3118,-0.0594,2,168,429,0,0,2026,0,0
879,delisle-rodriguez (2018),"<table><tr><td>Authors:</td><td>delisle-rodriguez, denis; cecilia villa-parra, ana; bastos, teodiano</td></tr><tr><td>Title:</td><td>towards a brain-computer interface based on unsupervised methods to command a lower-limb robotic exoskeleton</td></tr><tr><td>Source:</td><td>2018 ieee international conference on systems, man, and cybernetics, 1099-1104</td></tr><tr><td>Year:</td><td>2018</td></tr></table>",https://doi.org/10.1109/smc.2018.00194,-0.8824,-0.1152,1,177,277,0,0,2018,0,0
2178,saini (2020),"<table><tr><td>Authors:</td><td>saini, navjot; bhardwaj, saurabh; agarwal, ravinder</td></tr><tr><td>Title:</td><td>classification of eeg signals using hybrid combination of features for lie detection</td></tr><tr><td>Source:</td><td>neural computing & applications, 32(8), 3777-3787</td></tr><tr><td>Year:</td><td>2020</td></tr></table>",https://doi.org/10.1007/s00521-019-04078-z,-0.2944,0.5123,3,128,217,14,0.5545,2020,14,0.5545
2181,mahjoub (2020),"<table><tr><td>Authors:</td><td>mahjoub, chahira; jeannes, regine le bouquin; lajnef, tarek; kachouri, abdennaceur</td></tr><tr><td>Title:</td><td>epileptic seizure detection on eeg signals using machine learning techniques and advanced preprocessing methods</td></tr><tr><td>Source:</td><td>biomedical engineering-biomedizinische technik, 65(1), 33-50</td></tr><tr><td>Year:</td><td>2020</td></tr></table>",https://doi.org/10.1515/bmt-2019-0001,-0.2408,0.7833,3,127,396,28,1.1091,2020,28,1.1091
2186,nandini (2023),"<table><tr><td>Authors:</td><td>nandini, durgesh; yadav, jyoti; rani, asha; singh, vijander</td></tr><tr><td>Title:</td><td>design of subject independent 3d vad emotion detection system using eeg signals and machine learning algorithms</td></tr><tr><td>Source:</td><td>biomedical signal processing and control, 85</td></tr><tr><td>Year:</td><td>2023</td></tr></table>",https://doi.org/10.1016/j.bspc.2023.104894,1.2237,-0.0205,2,167,338,20,1.8108,2023,20,1.8108
2188,li (2024),"<table><tr><td>Authors:</td><td>li, donglin; xu, jiacan; zhang, yuxian; ma, dazhong; wang, jianhui</td></tr><tr><td>Title:</td><td>prototypical contrastive domain adaptation network for nonstationary eeg classification</td></tr><tr><td>Source:</td><td>ieee transactions on instrumentation and measurement, 73</td></tr><tr><td>Year:</td><td>2024</td></tr></table>",https://doi.org/10.1109/tim.2024.3476618,-0.2812,-0.3977,4,237,562,1,0.1868,2024,1,0.1868
2203,xiong (2025),"<table><tr><td>Authors:</td><td>xiong, fan; fan, mengzhao; yang, xu; wang, chenxiao; zhou, jinli</td></tr><tr><td>Title:</td><td>research on emotion recognition using sparse eeg channels and cross-subject modeling based on cnn-kan-<alternatives><graphic id=""pone.0322583.e001g"" mimetype=""image"" position=""anchor"" xlink:href=""info:doi/10.1371/journal.pone.0322583.e001"" xlink:type=""simple""/><mml:msup>f2</mml:msup>ca</mml:mrow></alternatives> model</td></tr><tr><td>Source:</td><td>plos one, 20(5)</td></tr><tr><td>Year:</td><td>2025</td></tr></table>",https://doi.org/10.1371/journal.pone.0322583,1.3472,-0.0957,2,164,361,2,1.0007,2025,2,1.0007
2205,khosropanah (2020),"<table><tr><td>Authors:</td><td>khosropanah, pegah; ramli, abdul rahman; abbasi, mohammad reza; marhaban, mohammad hamiruce; ahmedov, anvarjon</td></tr><tr><td>Title:</td><td>a hybrid unsupervised approach toward eeg epileptic spikes detection</td></tr><tr><td>Source:</td><td>neural computing & applications, 32(7), 2521-2532</td></tr><tr><td>Year:</td><td>2020</td></tr></table>",https://doi.org/10.1007/s00521-018-3797-2,-0.352,0.8482,3,100,303,14,0.5545,2020,14,0.5545
2207,tanh nguyen (2018),"<table><tr><td>Authors:</td><td>tanh nguyen; hettiarachchi, imali; khatami, amin; gordon-brown, lee; lim, chee peng; nahavandi, saeid</td></tr><tr><td>Title:</td><td>classification of multi-class bci data by common spatial pattern and fuzzy system</td></tr><tr><td>Source:</td><td>ieee access, 6, 27873-27884</td></tr><tr><td>Year:</td><td>2018</td></tr></table>",https://doi.org/10.1109/access.2018.2841051,-0.8236,-0.202,1,230,501,53,2.4706,2018,53,2.4706
2212,liu (2024),"<table><tr><td>Authors:</td><td>liu, fang; yang, pei; shu, yezhi; liu, niqi; sheng, jenny; luo, junwen; wang, xiaoan; liu, yong-jin</td></tr><tr><td>Title:</td><td>emotion recognition from few-channel eeg signals by integrating deep feature aggregation and transfer learning</td></tr><tr><td>Source:</td><td>ieee transactions on affective computing, 15(3), 1315-1330</td></tr><tr><td>Year:</td><td>2024</td></tr></table>",https://doi.org/10.1109/taffc.2023.3336531,0.887,-0.1153,2,283,866,24,4.482,2024,24,4.482
2214,lee (2020),"<table><tr><td>Authors:</td><td>lee, miran; ryu, jaehwan; kim, deok-hwan</td></tr><tr><td>Title:</td><td>automated epileptic seizure waveform detection method based on the feature of the mean slope of wavelet coefficient counts using a hidden markov model and eeg signals</td></tr><tr><td>Source:</td><td>etri journal, 42(2), 217-229</td></tr><tr><td>Year:</td><td>2020</td></tr></table>",https://doi.org/10.4218/etrij.2018-0118,-0.3026,0.8701,3,102,305,11,0.4357,2020,11,0.4357
2219,li (2018),"<table><tr><td>Authors:</td><td>li, mingyang; chen, wanzhong; zhang, tao</td></tr><tr><td>Title:</td><td>a novel seizure diagnostic model based on kernel density estimation and least squares support vector machine</td></tr><tr><td>Source:</td><td>biomedical signal processing and control, 41, 233-241</td></tr><tr><td>Year:</td><td>2018</td></tr></table>",https://doi.org/10.1016/j.bspc.2017.12.005,-0.2644,0.8871,3,92,247,17,0.7924,2018,17,0.7924
2225,wei (2020),"<table><tr><td>Authors:</td><td>wei, wei; qiu, shuang; ma, xuelin; li, dan; wang, bo; he, huiguang</td></tr><tr><td>Title:</td><td>reducing calibration efforts in rsvp tasks with multi-source adversarial domain adaptation</td></tr><tr><td>Source:</td><td>ieee transactions on neural systems and rehabilitation engineering, 28(11), 2344-2355</td></tr><tr><td>Year:</td><td>2020</td></tr></table>",https://doi.org/10.1109/tnsre.2020.3023761,-0.1022,-0.3333,4,209,358,26,1.0299,2020,26,1.0299
2230,li (2021b),"<table><tr><td>Authors:</td><td>li, chaosong; zhou, weidong; liu, guoyang; zhang, yanli; geng, minxing; liu, zhen; wang, shang; shang, wei</td></tr><tr><td>Title:</td><td>seizure onset detection using empirical mode decomposition and common spatial pattern</td></tr><tr><td>Source:</td><td>ieee transactions on neural systems and rehabilitation engineering, 29, 458-467</td></tr><tr><td>Year:</td><td>2021</td></tr></table>",https://doi.org/10.1109/tnsre.2021.3055276,-0.2792,0.7385,3,126,270,73,4.299,2021,73,4.299
2233,reddy (2024),"<table><tr><td>Authors:</td><td>reddy, c. h. narsimha; mahesh, shanthi; manjunathachari, k.</td></tr><tr><td>Title:</td><td>hybrid feature integration model and adaptive transformer approach for emotion recognition with eeg signals</td></tr><tr><td>Source:</td><td>computer methods in biomechanics and biomedical engineering, 27(12), 1610-1632</td></tr><tr><td>Year:</td><td>2024</td></tr></table>",https://doi.org/10.1080/10255842.2023.2252551,1.3441,-0.0764,2,165,437,8,1.494,2024,8,1.494
2234,hancer (2023),"<table><tr><td>Authors:</td><td>hancer, emrah; subasi, abdulhamit</td></tr><tr><td>Title:</td><td>eeg-based emotion recognition using dual tree complex wavelet transform and random subspace ensemble classifier</td></tr><tr><td>Source:</td><td>computer methods in biomechanics and biomedical engineering, 26(14), 1772-1784</td></tr><tr><td>Year:</td><td>2023</td></tr></table>",https://doi.org/10.1080/10255842.2022.2143714,0.9818,0.0272,2,205,444,11,0.9959,2023,11,0.9959
2238,masood (2021b),"<table><tr><td>Authors:</td><td>masood, naveen; farooq, humera</td></tr><tr><td>Title:</td><td>eeg electrodes selection for emotion recognition independent of stimulus presentation paradigms</td></tr><tr><td>Source:</td><td>journal of intelligent & fuzzy systems, 41(1), 299-315</td></tr><tr><td>Year:</td><td>2021</td></tr></table>",https://doi.org/10.3233/jifs-201779,0.28,-0.1296,2,282,415,4,0.2356,2021,4,0.2356
2240,das (2023),"<table><tr><td>Authors:</td><td>das, kritiprasanna; pachori, ram bilas</td></tr><tr><td>Title:</td><td>electroencephalogram-based motor imagery brain-computer interface using multivariate iterative filtering and spatial filtering</td></tr><tr><td>Source:</td><td>ieee transactions on cognitive and developmental systems, 15(3), 1408-1418</td></tr><tr><td>Year:</td><td>2023</td></tr></table>",https://doi.org/10.1109/tcds.2022.3214081,-0.5589,-0.1242,1,290,609,32,2.8972,2023,32,2.8972
2244,andrew keong ng (2013),"<table><tr><td>Authors:</td><td>andrew keong ng; ang, kai keng; tee, keng peng; guan, cuntai</td></tr><tr><td>Title:</td><td>optimizing low-frequency common spatial pattern features for multi-class classification of hand movement directions</td></tr><tr><td>Source:</td><td>2013 35th annual international conference of the ieee engineering in, 2780-2783</td></tr><tr><td>Year:</td><td>2013</td></tr></table>",,-0.8684,-0.2591,1,214,371,3,0.1275,2013,3,0.1275
2250,musellim (2022),"<table><tr><td>Authors:</td><td>musellim, serkan; han, dong-kyun; jeong, ji-hoon; lee, seong-whan</td></tr><tr><td>Title:</td><td>prototype-based domain generalization framework for subject-independent brain-computer interfaces</td></tr><tr><td>Source:</td><td>2022 44th annual international conference of the ieee engineering in, 711-714</td></tr><tr><td>Year:</td><td>2022</td></tr></table>",https://doi.org/10.1109/embc48229.2022.9871434,-0.6939,-0.3709,1,241,492,6,0.4195,2022,6,0.4195
2254,wang (2023a),"<table><tr><td>Authors:</td><td>wang, junhui; song, yu; mao, zemin; liu, junjie; gao, qiang</td></tr><tr><td>Title:</td><td>eeg-based emotion identification using 1-d deep residual shrinkage network with microstate features</td></tr><tr><td>Source:</td><td>ieee sensors journal, 23(5), 5165-5174</td></tr><tr><td>Year:</td><td>2023</td></tr></table>",https://doi.org/10.1109/jsen.2023.3239507,1.2468,-0.0523,2,192,640,15,1.3581,2023,15,1.3581
2262,liu (2025a),"<table><tr><td>Authors:</td><td>liu, minxu; guan, donghai; zheng, chuhang; zhu, qi</td></tr><tr><td>Title:</td><td>multimodal discriminative network for emotion recognition across individuals</td></tr><tr><td>Source:</td><td>ieee transactions on cognitive and developmental systems, 17(5), 1323-1335</td></tr><tr><td>Year:</td><td>2025</td></tr></table>",https://doi.org/10.1109/tcds.2025.3552124,1.2519,-0.2005,2,182,452,7,3.5024,2025,7,3.5024
2269,qi (2015),"<table><tr><td>Authors:</td><td>qi, feifei; li, yuanqing; wu, wei</td></tr><tr><td>Title:</td><td>rstfc: a novel algorithm for spatio-temporal filtering and classification of single-trial eeg</td></tr><tr><td>Source:</td><td>ieee transactions on neural networks and learning systems, 26(12), 3070-3082</td></tr><tr><td>Year:</td><td>2015</td></tr></table>",https://doi.org/10.1109/tnnls.2015.2402694,-0.9343,-0.3473,1,213,587,76,3.2466,2015,76,3.2466
2270,hong (2018),"<table><tr><td>Authors:</td><td>hong, keum-shik; khan, m. jawad; hong, melissa j.</td></tr><tr><td>Title:</td><td>feature extraction and classification methods for hybrid fnirs-eeg brain-computer interfaces</td></tr><tr><td>Source:</td><td>frontiers in human neuroscience, 12</td></tr><tr><td>Year:</td><td>2018</td></tr></table>",https://doi.org/10.3389/fnhum.2018.00246,-0.608,0.0118,1,134,231,205,9.5559,2018,205,9.5559
2273,yang (2022b),"<table><tr><td>Authors:</td><td>yang, kai; tong, li; zeng, ying; lu, runnan; zhang, rongkai; gao, yuanlong; yan, bin</td></tr><tr><td>Title:</td><td>exploration of effective electroencephalography features for the recognition of different valence emotions</td></tr><tr><td>Source:</td><td>frontiers in neuroscience, 16</td></tr><tr><td>Year:</td><td>2022</td></tr></table>",https://doi.org/10.3389/fnins.2022.1010951,1.1459,-0.0574,2,190,432,6,0.4195,2022,6,0.4195
2274,al-jumaili (2023),"<table><tr><td>Authors:</td><td>al-jumaili, saif; duru, adil deniz; ibrahim, abdullahi abdu; ucan, osman nuri</td></tr><tr><td>Title:</td><td>investigation of epileptic seizure signatures classification in eeg using supervised machine learning algorithms</td></tr><tr><td>Source:</td><td>traitement du signal, 40(1), 43-54</td></tr><tr><td>Year:</td><td>2023</td></tr></table>",https://doi.org/10.18280/ts.400104,-0.1665,0.6691,3,106,181,9,0.8148,2023,9,0.8148
2276,elasuty (2015),"<table><tr><td>Authors:</td><td>elasuty, basem; eldawlatly, seif</td></tr><tr><td>Title:</td><td>dynamic bayesian networks for eeg motor imagery feature extraction</td></tr><tr><td>Source:</td><td>2015 7th international ieee/embs conference on neural engineering (ner), 170-173</td></tr><tr><td>Year:</td><td>2015</td></tr></table>",,-0.7717,-0.1823,1,181,254,7,0.299,2015,7,0.299
2281,zhao (2023),"<table><tr><td>Authors:</td><td>zhao, kunyuan; xu, dan; he, kangjian; peng, guoqin</td></tr><tr><td>Title:</td><td>interpretable emotion classification using multidomain feature of eeg signals</td></tr><tr><td>Source:</td><td>ieee sensors journal, 23(11), 11879-11891</td></tr><tr><td>Year:</td><td>2023</td></tr></table>",https://doi.org/10.1109/jsen.2023.3266322,1.0741,-0.0132,2,162,335,11,0.9959,2023,11,0.9959
2283,luo (2025a),"<table><tr><td>Authors:</td><td>luo, hao; li, haobo; tao, wei; yang, yi; ieong, chio-in; wan, feng</td></tr><tr><td>Title:</td><td>a portable and affordable four-channel eeg system for emotion recognition with self-supervised feature learning</td></tr><tr><td>Source:</td><td>mathematics, 13(10)</td></tr><tr><td>Year:</td><td>2025</td></tr></table>",https://doi.org/10.3390/math13101608,0.8932,-0.2045,2,228,592,4,2.0013,2025,4,2.0013
2284,becker (2020),"<table><tr><td>Authors:</td><td>becker, hanna; fleureau, julien; guillotel, philippe; wendling, fabrice; merlet, isabelle; albera, laurent</td></tr><tr><td>Title:</td><td>emotion recognition based on high-resolution eeg recordings and reconstructed brain sources</td></tr><tr><td>Source:</td><td>ieee transactions on affective computing, 11(2), 244-257</td></tr><tr><td>Year:</td><td>2020</td></tr></table>",https://doi.org/10.1109/taffc.2017.2768030,0.9925,0.0315,2,206,469,92,3.6442,2020,92,3.6442
2285,abdalsalam (2017),"<table><tr><td>Authors:</td><td>abdalsalam, eltaf; yusoff, mohd zuki; kamel, nidal; malik, aamir saeed; mahmoud, dalia</td></tr><tr><td>Title:</td><td>classification of four class motor imagery for brain computer interface</td></tr><tr><td>Source:</td><td>9th international conference on robotic, vision, signal processing and, 398, 297-305</td></tr><tr><td>Year:</td><td>2017</td></tr></table>",https://doi.org/10.1007/978-981-10-1721-6_32,-0.8286,0.0252,1,180,257,4,0.1243,2017,4,0.1243
2289,ozmen (2018),"<table><tr><td>Authors:</td><td>ozmen, nurhan gursel; gumusel, levent; yang, yuan</td></tr><tr><td>Title:</td><td>a biologically inspired approach to frequency domain feature extraction for eeg classification</td></tr><tr><td>Source:</td><td>computational and mathematical methods in medicine, 2018</td></tr><tr><td>Year:</td><td>2018</td></tr></table>",https://doi.org/10.1155/2018/9890132,-0.7978,-0.0935,1,207,335,24,1.1187,2018,24,1.1187
2290,aydemir (2014),"<table><tr><td>Authors:</td><td>aydemir, onder; kayikcioglu, temel</td></tr><tr><td>Title:</td><td>decision tree structure based classification of eeg signals recorded during two dimensional cursor movement imagery</td></tr><tr><td>Source:</td><td>journal of neuroscience methods, 229, 68-75</td></tr><tr><td>Year:</td><td>2014</td></tr></table>",https://doi.org/10.1016/j.jneumeth.2014.04.007,-0.9275,-0.1903,1,170,269,56,1.8849,2014,56,1.8849
2299,higashi (2012),"<table><tr><td>Authors:</td><td>higashi, hiroshi; tanaka, toshihisa</td></tr><tr><td>Title:</td><td>time sparsification of eeg signals in motor-imagery based brain computer interfaces</td></tr><tr><td>Source:</td><td>2012 annual international conference of the ieee engineering in medicine, 4271-4274</td></tr><tr><td>Year:</td><td>2012</td></tr></table>",,-0.9479,-0.3453,1,225,598,1,0.0275,2012,1,0.0275
2309,gao (2020),"<table><tr><td>Authors:</td><td>gao, qiang; wang, chu-han; wang, zhe; song, xiao-lin; dong, en-zeng; song, yu</td></tr><tr><td>Title:</td><td>eeg based emotion recognition using fusion feature extraction method</td></tr><tr><td>Source:</td><td>multimedia tools and applications, 79(37-38), 27057-27074</td></tr><tr><td>Year:</td><td>2020</td></tr></table>",https://doi.org/10.1007/s11042-020-09354-y,1.2466,-0.0076,2,168,328,60,2.3766,2020,60,2.3766
2315,qin (2025),"<table><tr><td>Authors:</td><td>qin, xiwen; wang, jiayao; xu, dingxin; zhang, siqi</td></tr><tr><td>Title:</td><td>shallow convolution and parallel coarse-to-fine attention for brain signal classification</td></tr><tr><td>Source:</td><td>international journal of imaging systems and technology, 35(6)</td></tr><tr><td>Year:</td><td>2025</td></tr></table>",https://doi.org/10.1002/ima.70249,-0.0137,-0.3229,4,219,398,0,0,2025,0,0
2318,yang (2020b),"<table><tr><td>Authors:</td><td>yang, pengpeng; wang, jing; zhao, hongling; li, runzhi</td></tr><tr><td>Title:</td><td>mlp with riemannian covariance for motor imagery based eeg analysis</td></tr><tr><td>Source:</td><td>ieee access, 8, 139974-139982</td></tr><tr><td>Year:</td><td>2020</td></tr></table>",https://doi.org/10.1109/access.2020.3011969,-0.5087,-0.366,1,203,341,22,0.8714,2020,22,0.8714
2321,li (2025c),"<table><tr><td>Authors:</td><td>li, hongbo; feng, xuchao; liu, zhenbin; wang, wenting; tian, lufei; xu, dan; chitrakar, bimal; cui, zhenkun; hu, liangbin; mo, haizhen</td></tr><tr><td>Title:</td><td>the influence of different flavor peptides on brain perception via scalp electroencephalogram and development of a taste model</td></tr><tr><td>Source:</td><td>food chemistry, 465</td></tr><tr><td>Year:</td><td>2025</td></tr></table>",https://doi.org/10.1016/j.foodchem.2024.141953,-0.4977,-0.1056,1,210,251,11,5.5037,2025,11,5.5037
2329,liu (2023),"<table><tr><td>Authors:</td><td>liu, zhen-tao; hu, si-jun; she, jinhua; yang, zhaohui; xu, xin</td></tr><tr><td>Title:</td><td>electroencephalogram emotion recognition using combined features in variational mode decomposition domain</td></tr><tr><td>Source:</td><td>ieee transactions on cognitive and developmental systems, 15(3), 1595-1604</td></tr><tr><td>Year:</td><td>2023</td></tr></table>",https://doi.org/10.1109/tcds.2022.3233858,1.1309,-0.0334,2,202,585,19,1.7202,2023,19,1.7202
2330,baykara (2021),"<table><tr><td>Authors:</td><td>baykara, muhammet; abdulrahman, awf</td></tr><tr><td>Title:</td><td>seizure detection based on adaptive feature extraction by applying extreme learning machines</td></tr><tr><td>Source:</td><td>traitement du signal, 38(2), 331-340</td></tr><tr><td>Year:</td><td>2021</td></tr></table>",https://doi.org/10.18280/ts.380210,-0.2403,0.8563,3,90,200,14,0.8245,2021,14,0.8245
2331,hussain (2018),"<table><tr><td>Authors:</td><td>hussain, lal</td></tr><tr><td>Title:</td><td>detecting epileptic seizure with different feature extracting strategies using robust machine learning classification techniques by applying advance parameter optimization approach</td></tr><tr><td>Source:</td><td>cognitive neurodynamics, 12(3), 271-294</td></tr><tr><td>Year:</td><td>2018</td></tr></table>",https://doi.org/10.1007/s11571-018-9477-1,-0.3167,0.8314,3,149,610,73,3.4028,2018,73,3.4028
2333,wang (2026),"<table><tr><td>Authors:</td><td>wang, zhehan; ma, yuliang; du, yicheng; she, qingshan</td></tr><tr><td>Title:</td><td>a band-aware riemannian network with domain adaptation for motor imagery eeg signal decoding</td></tr><tr><td>Source:</td><td>brain sciences, 16(4)</td></tr><tr><td>Year:</td><td>2026</td></tr></table>",https://doi.org/10.3390/brainsci16040363,-0.1087,-0.3737,4,213,431,0,0,2026,0,0
2351,zhang (2023c),"<table><tr><td>Authors:</td><td>zhang, chenlong; he, jian; liang, yu; wang, zaitian; xie, xiaoyang</td></tr><tr><td>Title:</td><td>a fusion framework for confusion analysis in learning based on eeg signals</td></tr><tr><td>Source:</td><td>applied sciences-basel, 13(23)</td></tr><tr><td>Year:</td><td>2023</td></tr></table>",https://doi.org/10.3390/app132312832,0.2041,-0.2352,4,322,538,1,0.0905,2023,1,0.0905
2363,park (2018),"<table><tr><td>Authors:</td><td>park, sang-hoon; lee, david; lee, sang-goog</td></tr><tr><td>Title:</td><td>filter bank regularized common spatial pattern ensemble for small sample motor imagery classification</td></tr><tr><td>Source:</td><td>ieee transactions on neural systems and rehabilitation engineering, 26(2), 498-505</td></tr><tr><td>Year:</td><td>2018</td></tr></table>",https://doi.org/10.1109/tnsre.2017.2757519,-0.9479,-0.3376,1,206,524,128,5.9666,2018,128,5.9666
2364,adochiei (2026),"<table><tr><td>Authors:</td><td>adochiei, felix-constantin; ionita, anamaria; adochiei, ioana-raluca; stirbu, oana-isabela; petroiu, gladiola; argatu, florin ciprian</td></tr><tr><td>Title:</td><td>computational analysis of eeg responses to anxiogenic stimuli using machine learning algorithms</td></tr><tr><td>Source:</td><td>applied sciences-basel, 16(3)</td></tr><tr><td>Year:</td><td>2026</td></tr></table>",https://doi.org/10.3390/app16031504,0.1853,0.1865,3,241,338,0,0,2026,0,0
2366,xu (2023b),"<table><tr><td>Authors:</td><td>xu, xueyuan; jia, tianyuan; li, qing; wei, fulin; ye, long; wu, xia</td></tr><tr><td>Title:</td><td>eeg feature selection via global redundancy minimization for emotion recognition</td></tr><tr><td>Source:</td><td>ieee transactions on affective computing, 14(1), 421-435</td></tr><tr><td>Year:</td><td>2023</td></tr></table>",https://doi.org/10.1109/taffc.2021.3068496,1.0761,0.0017,2,221,717,37,3.3499,2023,37,3.3499
2368,olcay (2024),"<table><tr><td>Authors:</td><td>olcay, orkan; onay, fatih; ozturk, guliz akin; oniz, adile; ozgoren, murat; hummel, thomas; guducu, cagdas</td></tr><tr><td>Title:</td><td>using chemosensory-induced eeg signals to identify patients with de novo parkinson's disease</td></tr><tr><td>Source:</td><td>biomedical signal processing and control, 87</td></tr><tr><td>Year:</td><td>2024</td></tr></table>",https://doi.org/10.1016/j.bspc.2023.105438,-0.552,-0.1799,1,271,519,7,1.3073,2024,7,1.3073
2371,hu (2024),"<table><tr><td>Authors:</td><td>hu, fangzhou; wang, fei; bi, jinying; an, zida; chen, chao; qu, gangguo; han, shuai</td></tr><tr><td>Title:</td><td>hastf: a hybrid attention spatio-temporal feature fusion network for eeg emotion recognition</td></tr><tr><td>Source:</td><td>frontiers in neuroscience, 18</td></tr><tr><td>Year:</td><td>2024</td></tr></table>",https://doi.org/10.3389/fnins.2024.1479570,1.3703,-0.1481,2,172,524,6,1.1205,2024,6,1.1205
2378,ai (2019),"<table><tr><td>Authors:</td><td>ai, qingsong; chen, anqi; chen, kun; liu, quan; zhou, tichao; xin, sijin; ji, ze</td></tr><tr><td>Title:</td><td>feature extraction of four-class motor imagery eeg signals based on functional brain network</td></tr><tr><td>Source:</td><td>journal of neural engineering, 16(2)</td></tr><tr><td>Year:</td><td>2019</td></tr></table>",https://doi.org/10.1088/1741-2552/ab0328,-0.6874,-0.0747,1,210,298,74,3.5165,2019,74,3.5165
2381,ji (2022),"<table><tr><td>Authors:</td><td>ji, youshuo; li, fu; fu, boxun; li, yang; zhou, yijin; niu, yi; zhang, lijian; chen, yuanfang; shi, guangming</td></tr><tr><td>Title:</td><td>spatial-temporal network for fine-grained-level emotion eeg recognition</td></tr><tr><td>Source:</td><td>journal of neural engineering, 19(3)</td></tr><tr><td>Year:</td><td>2022</td></tr></table>",https://doi.org/10.1088/1741-2552/ac6d7d,1.0774,-0.1097,2,238,758,6,0.4195,2022,6,0.4195
2388,degirmenci (2024),"<table><tr><td>Authors:</td><td>degirmenci, murside; yuce, yilmaz kemal; perc, matjaz; isler, yalcin</td></tr><tr><td>Title:</td><td>eeg-based finger movement classification with intrinsic time-scale decomposition</td></tr><tr><td>Source:</td><td>frontiers in human neuroscience, 18</td></tr><tr><td>Year:</td><td>2024</td></tr></table>",https://doi.org/10.3389/fnhum.2024.1362135,-0.47,0.122,1,208,282,19,3.5483,2024,19,3.5483
2390,hsu (2013a),"<table><tr><td>Authors:</td><td>hsu, wei-yen</td></tr><tr><td>Title:</td><td>application of quantum-behaved particle swarm optimization to motor imagery eeg classification</td></tr><tr><td>Source:</td><td>international journal of neural systems, 23(6)</td></tr><tr><td>Year:</td><td>2013</td></tr></table>",https://doi.org/10.1142/s0129065713500263,-0.8646,0.0857,1,167,346,32,1.36,2013,32,1.36
2395,pang (2025),"<table><tr><td>Authors:</td><td>pang, yu; wang, xiaoling; zhao, ze; han, changqing; gao, nuo</td></tr><tr><td>Title:</td><td>multi-view collaborative ensemble classification for eeg signals based on 3d second-order difference plot and csp</td></tr><tr><td>Source:</td><td>physics in medicine and biology, 70(8)</td></tr><tr><td>Year:</td><td>2025</td></tr></table>",https://doi.org/10.1088/1361-6560/adcafa,-0.2992,-0.2815,1,262,414,0,0,2025,0,0
2404,liu (2025b),"<table><tr><td>Authors:</td><td>liu, benke; wang, yongxiong; wang, zhe; wan, xin; li, chenguang</td></tr><tr><td>Title:</td><td>a temporal-spatial feature fusion network for emotion recognition with individual differences reduction</td></tr><tr><td>Source:</td><td>neuroscience, 569, 195-209</td></tr><tr><td>Year:</td><td>2025</td></tr></table>",https://doi.org/10.1016/j.neuroscience.2025.01.049,0.6927,-0.0893,2,270,593,2,1.0007,2025,2,1.0007
2407,le quoc thang (2014),"<table><tr><td>Authors:</td><td>le quoc thang; temiyasathit, chivalai</td></tr><tr><td>Title:</td><td>investigation of regularization theory for four-class classification in brain-computer interface</td></tr><tr><td>Source:</td><td>future data and security engineering, fdse 2014, 8860, 275-285</td></tr><tr><td>Year:</td><td>2014</td></tr></table>",,-0.9323,-0.2569,1,224,496,6,0.202,2014,6,0.202
2409,bashashati (2016),"<table><tr><td>Authors:</td><td>bashashati, hossein; ward, rabab k.; bashashati, ali</td></tr><tr><td>Title:</td><td>user-customized brain computer interfaces using bayesian optimization</td></tr><tr><td>Source:</td><td>journal of neural engineering, 13(2)</td></tr><tr><td>Year:</td><td>2016</td></tr></table>",https://doi.org/10.1088/1741-2560/13/2/026001,-0.8963,-0.2178,1,242,603,34,1.5321,2016,34,1.5321
3672,mehla (2021),"<table><tr><td>Authors:</td><td>mehla, virender kumar; singhal, amit; singh, pushpendra; pachori, ram bilas</td></tr><tr><td>Title:</td><td>an efficient method for identification of epileptic seizures from eeg signals using fourier analysis</td></tr><tr><td>Source:</td><td>physical and engineering sciences in medicine, 44(2), 443-456</td></tr><tr><td>Year:</td><td>2021</td></tr></table>",https://doi.org/10.1007/s13246-021-00995-3,-0.2926,0.8311,3,124,407,34,2.0023,2021,34,2.0023
3673,supriya (2023),"<table><tr><td>Authors:</td><td>supriya, supriya; siuly, siuly; wang, hua; zhang, yanchun</td></tr><tr><td>Title:</td><td>epilepsy detection from eeg using complex network techniques: a review</td></tr><tr><td>Source:</td><td>ieee reviews in biomedical engineering, 16, 292-306</td></tr><tr><td>Year:</td><td>2023</td></tr></table>",https://doi.org/10.1109/rbme.2021.3055956,-0.2878,0.8079,3,83,177,79,7.1526,2023,79,7.1526
3678,sreeja (2017),"<table><tr><td>Authors:</td><td>sreeja, s. r.; rabha, joytirmoy; nagarjuna, k. y.; samanta, debasis; mitra, pabitra; sarma, monalisa</td></tr><tr><td>Title:</td><td>motor imagery eeg signal processing and classification using machine learning approach</td></tr><tr><td>Source:</td><td>2017 international conference on new trends in computing sciences, 61-66</td></tr><tr><td>Year:</td><td>2017</td></tr></table>",https://doi.org/10.1109/ictcs.2017.15,-0.9095,-0.1889,1,230,507,33,1.0257,2017,33,1.0257
3680,mohsenvand (2020),"<table><tr><td>Authors:</td><td>mohsenvand, mostafa 'neo'; izadi, mohammad rasool; maes, pattie</td></tr><tr><td>Title:</td><td>contrastive representation learning for electroencephalogram classification</td></tr><tr><td>Source:</td><td>machine learning for health, vol 136, 136, 238-253</td></tr><tr><td>Year:</td><td>2020</td></tr></table>",,0.8053,-0.044,2,208,427,186,7.3676,2020,186,7.3676
3696,monteiro (2019),"<table><tr><td>Authors:</td><td>monteiro, thiago gabriel; skourup, charlotte; zhang, houxiang</td></tr><tr><td>Title:</td><td>using eeg for mental fatigue assessment: a comprehensive look into the current state of the art</td></tr><tr><td>Source:</td><td>ieee transactions on human-machine systems, 49(6), 599-610</td></tr><tr><td>Year:</td><td>2019</td></tr></table>",https://doi.org/10.1109/thms.2019.2938156,-0.1412,0.3301,3,159,235,66,3.1363,2019,66,3.1363
3699,chouhan (2018),"<table><tr><td>Authors:</td><td>chouhan, tushar; robinson, neethu; vinod, a. p.; ang, kai keng; guan, cuntai</td></tr><tr><td>Title:</td><td>wavlet phase-locking based binary classification of hand movement directions from eeg</td></tr><tr><td>Source:</td><td>journal of neural engineering, 15(6)</td></tr><tr><td>Year:</td><td>2018</td></tr></table>",https://doi.org/10.1088/1741-2552/aadeed,-0.6973,-0.182,1,283,661,31,1.445,2018,31,1.445
3703,alzahrani (2025),"<table><tr><td>Authors:</td><td>alzahrani, salwa; banjar, haneen; mirza, rsha</td></tr><tr><td>Title:</td><td>toward reliable imagined-speech brain-computer interfaces: subject-independent electroencephalogram classification using a rational-dilation wavelet transform and ensemble learning</td></tr><tr><td>Source:</td><td>ieee access, 13, 208345-208360</td></tr><tr><td>Year:</td><td>2025</td></tr></table>",https://doi.org/10.1109/access.2025.3640637,-0.2178,0.0506,1,218,321,0,0,2025,0,0
3728,huang (2024),"<table><tr><td>Authors:</td><td>huang, weihai; liu, xinyue; yang, weize; li, yihua; sun, qiyan; kong, xiangzeng</td></tr><tr><td>Title:</td><td>motor imagery eeg signal classification using distinctive feature fusion with adaptive structural lasso</td></tr><tr><td>Source:</td><td>sensors, 24(12)</td></tr><tr><td>Year:</td><td>2024</td></tr></table>",https://doi.org/10.3390/s24123755,-0.4154,-0.3498,4,243,504,4,0.747,2024,4,0.747
3729,boostani (2017),"<table><tr><td>Authors:</td><td>boostani, reza; karimzadeh, foroozan; nami, mohammad</td></tr><tr><td>Title:</td><td>a comparative review on sleep stage classification methods in patients and healthy individuals</td></tr><tr><td>Source:</td><td>computer methods and programs in biomedicine, 140, 77-91</td></tr><tr><td>Year:</td><td>2017</td></tr></table>",https://doi.org/10.1016/j.cmpb.2016.12.004,-0.0442,0.3179,3,110,155,235,7.3044,2017,235,7.3044
3740,gao (2023b),"<table><tr><td>Authors:</td><td>gao, yunyuan; li, mengting; peng, yun; fang, feng; zhang, yingchun</td></tr><tr><td>Title:</td><td>double stage transfer learning for brain-computer interfaces</td></tr><tr><td>Source:</td><td>ieee transactions on neural systems and rehabilitation engineering, 31, 1128-1136</td></tr><tr><td>Year:</td><td>2023</td></tr></table>",https://doi.org/10.1109/tnsre.2023.3241301,-0.4377,-0.3388,1,281,607,26,2.354,2023,26,2.354
3741,liu (2026a),"<table><tr><td>Authors:</td><td>liu, shuaiqi; gu, zhihui; zhang, yuan; an, yanling; zhao, shuhuan; lid, bing; zhang, yudong</td></tr><tr><td>Title:</td><td>dynamic collaborative evolutionary network: a novel spatio-temporal feature extraction framework for eeg emotion recognition</td></tr><tr><td>Source:</td><td>expert systems with applications, 298</td></tr><tr><td>Year:</td><td>2026</td></tr></table>",https://doi.org/10.1016/j.eswa.2025.129654,1.1724,-0.2377,2,181,522,10,39.7701,2026,10,39.7701
3744,bak (2023),"<table><tr><td>Authors:</td><td>bak, sujin; jeong, jichai</td></tr><tr><td>Title:</td><td>user biometric identification methodology via eeg-based motor imagery signals</td></tr><tr><td>Source:</td><td>ieee access, 11, 41303-41314</td></tr><tr><td>Year:</td><td>2023</td></tr></table>",https://doi.org/10.1109/access.2023.3268551,-0.7322,-0.2627,1,169,265,16,1.4486,2023,16,1.4486
3747,aljalal (2020),"<table><tr><td>Authors:</td><td>aljalal, majid; ibrahim, sutrisno; djemal, ridha; ko, wonsuk</td></tr><tr><td>Title:</td><td>comprehensive review on brain-controlled mobile robots and robotic arms based on electroencephalography signals</td></tr><tr><td>Source:</td><td>intelligent service robotics, 13(4), 539-563</td></tr><tr><td>Year:</td><td>2020</td></tr></table>",https://doi.org/10.1007/s11370-020-00328-5,-0.6535,-0.089,1,245,539,42,1.6636,2020,42,1.6636
3749,al-qazzaz (2021),"<table><tr><td>Authors:</td><td>al-qazzaz, noor kamal; alyasseri, zaid abdi alkareem; abdulkareem, karrar hameed; ali, nabeel salih; al-mhiqani, mohammed nasser; guger, christoph</td></tr><tr><td>Title:</td><td>eeg feature fusion for motor imagery: a new robust framework towards stroke patients rehabilitation</td></tr><tr><td>Source:</td><td>computers in biology and medicine, 137</td></tr><tr><td>Year:</td><td>2021</td></tr></table>",https://doi.org/10.1016/j.compbiomed.2021.104799,0.1221,0.3849,3,124,174,52,3.0623,2021,52,3.0623
3753,li (2025d),"<table><tr><td>Authors:</td><td>li, qiang; huang, jiajin; zhou, haiyan</td></tr><tr><td>Title:</td><td>sc-sdt: a framework with spectral convolution and spatial differential transformer for eeg-based emotion recognition</td></tr><tr><td>Source:</td><td>cognitive neurodynamics, 20(1)</td></tr><tr><td>Year:</td><td>2025</td></tr></table>",https://doi.org/10.1007/s11571-025-10394-z,1.3527,-0.1608,2,174,502,0,0,2025,0,0
3756,halme (2016),"<table><tr><td>Authors:</td><td>halme, hanna-leena; parkkonen, lauri</td></tr><tr><td>Title:</td><td>comparing features for classification of meg responses to motor imagery</td></tr><tr><td>Source:</td><td>plos one, 11(12)</td></tr><tr><td>Year:</td><td>2016</td></tr></table>",https://doi.org/10.1371/journal.pone.0168766,-0.8164,-0.2666,1,247,645,32,1.442,2016,32,1.442
3764,yasmeen (2026),"<table><tr><td>Authors:</td><td>yasmeen, fauzia; sharma, neeraj; sharma, shiru</td></tr><tr><td>Title:</td><td>a modular brick-structured network for real-time subject-independent motor imagery brain computer interface applications</td></tr><tr><td>Source:</td><td>biomedical signal processing and control, 120</td></tr><tr><td>Year:</td><td>2026</td></tr></table>",https://doi.org/10.1016/j.bspc.2026.110199,-0.3375,-0.253,4,284,563,0,0,2026,0,0
3806,hsu (2014),"<table><tr><td>Authors:</td><td>hsu, wei-yen</td></tr><tr><td>Title:</td><td>application of prediction and multiscale synchronization to brain-computer interface</td></tr><tr><td>Source:</td><td>journal of medical and biological engineering, 34(2), 137-143</td></tr><tr><td>Year:</td><td>2014</td></tr></table>",https://doi.org/10.5405/jmbe.1211,-0.8386,-0.0086,1,156,255,7,0.2356,2014,7,0.2356
3827,wang (2024a),"<table><tr><td>Authors:</td><td>wang, he; chen, peiyin; zhang, meng; zhang, jianbo; sun, xinlin; li, mengyu; yang, xiong; gao, zhongke</td></tr><tr><td>Title:</td><td>eeg-based motor imagery recognition framework via multisubject dynamic transfer and iterative self-training</td></tr><tr><td>Source:</td><td>ieee transactions on neural networks and learning systems, 35(8), 10698-10712</td></tr><tr><td>Year:</td><td>2024</td></tr></table>",https://doi.org/10.1109/tnnls.2023.3243339,0.1274,-0.3176,4,239,520,17,3.1748,2024,17,3.1748
3832,wang (2022a),"<table><tr><td>Authors:</td><td>wang, li; huang, xuewen; ren, lingling; zhan, qianqian</td></tr><tr><td>Title:</td><td>signal analysis and classification of a novel active brain-computer interface based on four-category sequential coding</td></tr><tr><td>Source:</td><td>biomedical signal processing and control, 78</td></tr><tr><td>Year:</td><td>2022</td></tr></table>",https://doi.org/10.1016/j.bspc.2022.103857,-0.3954,-0.1892,1,289,518,4,0.2797,2022,4,0.2797
3833,zhou (2023),"<table><tr><td>Authors:</td><td>zhou, yueying; wang, pengpai; gong, peiliang; wei, fulin; wen, xuyun; wu, xia; zhang, daoqiang</td></tr><tr><td>Title:</td><td>cross-subject cognitive workload recognition based on eeg and deep domain adaptation</td></tr><tr><td>Source:</td><td>ieee transactions on instrumentation and measurement, 72</td></tr><tr><td>Year:</td><td>2023</td></tr></table>",https://doi.org/10.1109/tim.2023.3276515,0.394,-0.3078,4,162,349,13,1.177,2023,13,1.177
3865,kushwaha (2025),"<table><tr><td>Authors:</td><td>kushwaha, nikhil; mishra, nitin; lalawat, rajveer singh; padhy, prabin kumar; gupta, vijay kumar</td></tr><tr><td>Title:</td><td>automated posture adjustment system for immobilized patients using eeg signals</td></tr><tr><td>Source:</td><td>computer methods in biomechanics and biomedical engineering</td></tr><tr><td>Year:</td><td>2025</td></tr></table>",https://doi.org/10.1080/10255842.2025.2523322,-0.6865,-0.0903,1,212,281,0,0,2025,0,0
3869,zakaria (2025),"<table><tr><td>Authors:</td><td>zakaria, teddy marcus; langi, armein zainal r.; nazaruddin, muhamad sophian; anshori, isa</td></tr><tr><td>Title:</td><td>artificial intelligence (ai) in neurofeedback therapy using electroencephalography (eeg), heart rate variability (hrv), and galvanic skin response (gsr): a review</td></tr><tr><td>Source:</td><td>ieee access, 13, 133078-133112</td></tr><tr><td>Year:</td><td>2025</td></tr></table>",https://doi.org/10.1109/access.2025.3582805,-0.1663,0.0111,1,213,287,2,1.0007,2025,2,1.0007
3877,hinss (2023),"<table><tr><td>Authors:</td><td>hinss, marcel f. f.; jahanpour, emilie s. s.; somon, bertille; pluchon, lou; dehais, frederic; roy, raphaelle n.</td></tr><tr><td>Title:</td><td>open multi-session and multi-task eeg cognitive dataset for passive brain-computer interface applications</td></tr><tr><td>Source:</td><td>scientific data, 10(1)</td></tr><tr><td>Year:</td><td>2023</td></tr></table>",https://doi.org/10.1038/s41597-022-01898-y,0.7266,-0.119,2,224,320,36,3.2594,2023,36,3.2594
3880,supriya (2020),"<table><tr><td>Authors:</td><td>supriya, supriya; siuly, siuly; wang, hua; zhang, yanchun</td></tr><tr><td>Title:</td><td>automated epilepsy detection techniques from electroencephalogram signals: a review study</td></tr><tr><td>Source:</td><td>health information science and systems, 8(1)</td></tr><tr><td>Year:</td><td>2020</td></tr></table>",https://doi.org/10.1007/s13755-020-00129-1,-0.3115,0.8077,3,101,294,80,3.1689,2020,80,3.1689
3881,feng (2018),"<table><tr><td>Authors:</td><td>feng, lichen; li, zunchao; wang, yuanfa</td></tr><tr><td>Title:</td><td>vlsi design of svm-based seizure detection system with on-chip learning capability</td></tr><tr><td>Source:</td><td>ieee transactions on biomedical circuits and systems, 12(1), 171-181</td></tr><tr><td>Year:</td><td>2018</td></tr></table>",https://doi.org/10.1109/tbcas.2017.2762721,-0.2321,0.6944,3,128,205,51,2.3773,2018,51,2.3773
3887,zhou (2025a),"<table><tr><td>Authors:</td><td>zhou, qiaoli; song, jiawen; zhao, yi; zhang, shun; du, qiang; ke, li</td></tr><tr><td>Title:</td><td>if-mmcl: an individual focused network with multi-view and multi-modal contrastive learning for cross-subject emotion recognition</td></tr><tr><td>Source:</td><td>medical & biological engineering & computing, 63(12), 3873-3893</td></tr><tr><td>Year:</td><td>2025</td></tr></table>",https://doi.org/10.1007/s11517-025-03430-x,1.3138,-0.2301,2,162,535,0,0,2025,0,0
3894,li (2025e),"<table><tr><td>Authors:</td><td>li, zhi; li, mingai; yang, yufei</td></tr><tr><td>Title:</td><td>motor imagery decoding network with multisubject dynamic transfer</td></tr><tr><td>Source:</td><td>brain informatics, 12(1)</td></tr><tr><td>Year:</td><td>2025</td></tr></table>",https://doi.org/10.1186/s40708-025-00267-w,-0.0007,-0.2947,4,262,496,1,0.5003,2025,1,0.5003
3899,bousseta (2016),"<table><tr><td>Authors:</td><td>bousseta, rihab; tayeb, salina; el ouakouak, issam; gharbi, mourad; regragui, fakhita; himmi, mohamed majid</td></tr><tr><td>Title:</td><td>eeg efficient classification of imagined hand movement using rbf kernel svm</td></tr><tr><td>Source:</td><td>2016 11th international conference on intelligent systems: theories and</td></tr><tr><td>Year:</td><td>2016</td></tr></table>",,-0.8396,-0.0509,1,159,234,7,0.3154,2016,7,0.3154
3900,sheykhivand (2020),"<table><tr><td>Authors:</td><td>sheykhivand, sobhan; rezaii, tohid yousefi; mousavi, zohreh; delpak, azra; farzamnia, ali</td></tr><tr><td>Title:</td><td>automatic identification of epileptic seizures from eeg signals using sparse representation-based classification</td></tr><tr><td>Source:</td><td>ieee access, 8, 138834-138845</td></tr><tr><td>Year:</td><td>2020</td></tr></table>",https://doi.org/10.1109/access.2020.3011877,-0.2895,0.8908,3,101,339,18,0.713,2020,18,0.713
3903,gouda (2025),"<table><tr><td>Authors:</td><td>gouda, sunil kumar; choudhry, aryan; satpathy, surya pritam; shukla, krishna mohan; dash, arya kumar; pasayat, ajit kumar</td></tr><tr><td>Title:</td><td>integration of eeg-based bci technology in iot enabled smart home environment: an in-depth comparative analysis on human-computer interaction techniques</td></tr><tr><td>Source:</td><td>expert systems with applications, 294</td></tr><tr><td>Year:</td><td>2025</td></tr></table>",https://doi.org/10.1016/j.eswa.2025.128730,-0.0531,0.0625,4,293,475,7,3.5024,2025,7,3.5024
4112,jiang (2021),"<table><tr><td>Authors:</td><td>jiang, chao; li, yingjie; tang, yingying; guan, cuntai</td></tr><tr><td>Title:</td><td>enhancing eeg-based classification of depression patients using spatial information</td></tr><tr><td>Source:</td><td>ieee transactions on neural systems and rehabilitation engineering, 29, 566-575</td></tr><tr><td>Year:</td><td>2021</td></tr></table>",https://doi.org/10.1109/tnsre.2021.3059429,0.2748,-0.2298,4,265,351,94,5.5357,2021,94,5.5357
4128,hsu (2013b),"<table><tr><td>Authors:</td><td>hsu, wei-yen</td></tr><tr><td>Title:</td><td>single-trial motor imagery classification using asymmetry ratio, phase relation, wavelet-based fractal, and their selected combination</td></tr><tr><td>Source:</td><td>international journal of neural systems, 23(2)</td></tr><tr><td>Year:</td><td>2013</td></tr></table>",https://doi.org/10.1142/s012906571350007x,-0.8158,0.1136,1,195,410,54,2.2949,2013,54,2.2949
4162,zhang (2018b),"<table><tr><td>Authors:</td><td>zhang, yinda; yang, shuhan; liu, yang; zhang, yexian; han, bingfeng; zhou, fengfeng</td></tr><tr><td>Title:</td><td>integration of 24 feature types to accurately detect and predict seizures using scalp eeg signals</td></tr><tr><td>Source:</td><td>sensors, 18(5)</td></tr><tr><td>Year:</td><td>2018</td></tr></table>",https://doi.org/10.3390/s18051372,-0.1724,0.677,3,116,216,47,2.1909,2018,47,2.1909
4163,lotte (2011),"<table><tr><td>Authors:</td><td>lotte, fabien; guan, cuntai</td></tr><tr><td>Title:</td><td>regularizing common spatial patterns to improve bci designs: unified theory and new algorithms</td></tr><tr><td>Source:</td><td>ieee transactions on biomedical engineering, 58(2), 355-362</td></tr><tr><td>Year:</td><td>2011</td></tr></table>",https://doi.org/10.1109/tbme.2010.2082539,-0.9677,-0.2569,1,212,463,826,21.0946,2011,826,21.0946
4171,siuly (2014),"<table><tr><td>Authors:</td><td>siuly; li, yan; wen, peng (paul)</td></tr><tr><td>Title:</td><td>modified cc-lr algorithm with three diverse feature sets for motor imagery tasks classification in eeg based brain-computer interface</td></tr><tr><td>Source:</td><td>computer methods and programs in biomedicine, 113(3), 767-780</td></tr><tr><td>Year:</td><td>2014</td></tr></table>",https://doi.org/10.1016/j.cmpb.2013.17.070,-0.7793,0.0128,1,238,441,51,1.7166,2014,51,1.7166
4172,bentlemsan (2014),"<table><tr><td>Authors:</td><td>bentlemsan, maouia; zemouri, et-tahir; bouchaffra, djamel; yahya-zoubir, bahia; ferroudji, karim</td></tr><tr><td>Title:</td><td>random forest and filter bank common spatial patterns for eeg-based motor imagery classification</td></tr><tr><td>Source:</td><td>proceedings fifth international conference on intelligent systems,, 235-238</td></tr><tr><td>Year:</td><td>2014</td></tr></table>",https://doi.org/10.1109/isms.2014.46,-0.8654,-0.238,1,216,408,55,1.8512,2014,55,1.8512
4173,jiang (2023),"<table><tr><td>Authors:</td><td>jiang, wanqing; meng, gaofeng; jiang, tianzi; zuo, nianming</td></tr><tr><td>Title:</td><td>generalization across subjects and sessions for eeg-based emotion recognition using multi-source attention-based dynamic residual transfer</td></tr><tr><td>Source:</td><td>2023 international joint conference on neural networks, ijcnn</td></tr><tr><td>Year:</td><td>2023</td></tr></table>",https://doi.org/10.1109/ijcnn54540.2023.10191587,1.0043,-0.1803,2,176,337,3,0.2716,2023,3,0.2716
4175,cao (2022),"<table><tr><td>Authors:</td><td>cao, lei; wang, wenrong; huang, chenxi; xu, zhixiong; wang, han; jia, jie; chen, shugeng; dong, yilin; fan, chunjiang; de albuquerque, victor hugo c.</td></tr><tr><td>Title:</td><td>an effective fusing approach by combining connectivity network pattern and temporal-spatial analysis for eeg-based bci rehabilitation</td></tr><tr><td>Source:</td><td>ieee transactions on neural systems and rehabilitation engineering, 30, 2264-2274</td></tr><tr><td>Year:</td><td>2022</td></tr></table>",https://doi.org/10.1109/tnsre.2022.3198434,-0.7451,-0.3537,1,215,472,15,1.0487,2022,15,1.0487
4180,usman (2019),"<table><tr><td>Authors:</td><td>usman, syed muhammad; khalid, shehzad; akhtar, rizwan; bortolotto, zuner; bashir, zafar; qiu, haiyang</td></tr><tr><td>Title:</td><td>using scalp eeg and intracranial eeg signals for predicting epileptic seizures: review of available methodologies</td></tr><tr><td>Source:</td><td>seizure-european journal of epilepsy, 71, 258-269</td></tr><tr><td>Year:</td><td>2019</td></tr></table>",https://doi.org/10.1016/j.seizure.2019.08.006,-0.4176,0.4961,3,255,541,55,2.6136,2019,55,2.6136
4182,dupres (2016),"<table><tr><td>Authors:</td><td>dupres, alban; cabestaing, francois; rouillard, jose</td></tr><tr><td>Title:</td><td>human expert supervised selection of time-frequency intervals in eeg signals for brain-computer interfacing</td></tr><tr><td>Source:</td><td>2016 24th european signal processing conference (eusipco), 1733-1737</td></tr><tr><td>Year:</td><td>2016</td></tr></table>",,-0.9085,-0.3458,1,209,409,1,0.0451,2016,1,0.0451
4190,gao (2013),"<table><tr><td>Authors:</td><td>gao, lin; wang, jue; chen, longwei</td></tr><tr><td>Title:</td><td>event-related desynchronization and synchronization quantification in motor-related eeg by kolmogorov entropy</td></tr><tr><td>Source:</td><td>journal of neural engineering, 10(3)</td></tr><tr><td>Year:</td><td>2013</td></tr></table>",https://doi.org/10.1088/1741-2560/10/3/036023,-0.9005,-0.1547,1,198,320,32,1.36,2013,32,1.36
4191,barki (2026),"<table><tr><td>Authors:</td><td>barki, hika; mai, ngoc-dau; chung, wan-young</td></tr><tr><td>Title:</td><td>optimized xgboost for multimodal affective state classification using in-ear ppg and behind-the-ear eeg signals</td></tr><tr><td>Source:</td><td>ieee journal of biomedical and health informatics, 30(3), 2139-2152</td></tr><tr><td>Year:</td><td>2026</td></tr></table>",https://doi.org/10.1109/jbhi.2025.3598354,0.6921,0.0673,2,226,395,0,0,2026,0,0
4202,wei (2024),"<table><tr><td>Authors:</td><td>wei, boxuan; xu, lu; zhang, jicong</td></tr><tr><td>Title:</td><td>a compact graph convolutional network with adaptive functional connectivity for seizure prediction</td></tr><tr><td>Source:</td><td>ieee transactions on neural systems and rehabilitation engineering, 32, 3531-3542</td></tr><tr><td>Year:</td><td>2024</td></tr></table>",https://doi.org/10.1109/tnsre.2024.3460348,0.0775,0.2693,3,129,173,12,2.241,2024,12,2.241
4203,tomioka (2010),"<table><tr><td>Authors:</td><td>tomioka, ryota; mueller, klaus-robert</td></tr><tr><td>Title:</td><td>a regularized discriminative framework for eeg analysis with application to brain-computer interface</td></tr><tr><td>Source:</td><td>neuroimage, 49(1), 415-432</td></tr><tr><td>Year:</td><td>2010</td></tr></table>",https://doi.org/10.1016/j.neuroimage.2009.07.045,-0.9529,-0.2158,1,235,603,140,3.8072,2010,140,3.8072
4207,kundu (2022),"<table><tr><td>Authors:</td><td>kundu, s.; ari, s.</td></tr><tr><td>Title:</td><td>brain-computer interface speller system for alternative communication: a review</td></tr><tr><td>Source:</td><td>irbm, 43(4), 317-324</td></tr><tr><td>Year:</td><td>2022</td></tr></table>",https://doi.org/10.1016/j.irbm.2021.07.001,-0.1851,-0.1506,1,329,564,30,2.0975,2022,30,2.0975
4208,wu (2023),"<table><tr><td>Authors:</td><td>wu, dongrui; lu, bao-liang; hu, bin; zeng, zhigang</td></tr><tr><td>Title:</td><td>affective brain-computer interfaces (abcis): a tutorial</td></tr><tr><td>Source:</td><td>proceedings of the ieee, 111(10), 1314-1332</td></tr><tr><td>Year:</td><td>2023</td></tr></table>",https://doi.org/10.1109/jproc.2023.3277471,0.7086,-0.0215,2,341,1201,71,6.4283,2023,71,6.4283
4209,lazcano-herrera (2022),"<table><tr><td>Authors:</td><td>lazcano-herrera, alicia guadalupe; fuentes-aguilar, rita q.; chairez, isaac; alonso-valerdi, luz maria; gonzalez-mendoza, miguel; alfaro-ponce, mariel</td></tr><tr><td>Title:</td><td>review on bci virtual rehabilitation and remote technology based on eeg for assistive devices</td></tr><tr><td>Source:</td><td>applied sciences-basel, 12(23)</td></tr><tr><td>Year:</td><td>2022</td></tr></table>",https://doi.org/10.3390/app122312253,-0.3368,0.0143,1,202,308,14,0.9788,2022,14,0.9788
4214,ackermann (2016),"<table><tr><td>Authors:</td><td>ackermann, pascal; kohlschein, christian; bitsch, jo agila; wehrle, klaus; jeschke, sabina</td></tr><tr><td>Title:</td><td>eeg-based automatic emotion recognition: feature extraction, selection and classification methods</td></tr><tr><td>Source:</td><td>2016 ieee 18th international conference on e-health networking,, 159-164</td></tr><tr><td>Year:</td><td>2016</td></tr></table>",,0.9066,0.0779,2,170,308,83,3.7402,2016,83,3.7402
4228,mohdiwale (2021),"<table><tr><td>Authors:</td><td>mohdiwale, samrudhi; sahu, mridu; sinha, g. r.; bhateja, vikrant</td></tr><tr><td>Title:</td><td>statistical wavelets with harmony search- based optimal feature selection of eeg signals for motor imagery classification</td></tr><tr><td>Source:</td><td>ieee sensors journal, 21(13), 14263-14271</td></tr><tr><td>Year:</td><td>2021</td></tr></table>",https://doi.org/10.1109/jsen.2020.3026172,-0.65,-0.2781,1,203,337,21,1.2367,2021,21,1.2367
4238,degirmenci (2023),"<table><tr><td>Authors:</td><td>degirmenci, murside; yuce, yilmaz kemal; perc, matjaz; isler, yalcin</td></tr><tr><td>Title:</td><td>statistically significant features improve binary and multiple motor imagery task predictions from eegs</td></tr><tr><td>Source:</td><td>frontiers in human neuroscience, 17</td></tr><tr><td>Year:</td><td>2023</td></tr></table>",https://doi.org/10.3389/fnhum.2023.1223307,-0.5253,-0.0544,1,199,309,35,3.1689,2023,35,3.1689
4246,alotaiby (2017),"<table><tr><td>Authors:</td><td>alotaiby, turky n.; alshebeili, saleh a.; alotaibi, faisal m.; alrshoud, saud r.</td></tr><tr><td>Title:</td><td>epileptic seizure prediction using csp and lda for scalp eeg signals</td></tr><tr><td>Source:</td><td>computational intelligence and neuroscience, 2017</td></tr><tr><td>Year:</td><td>2017</td></tr></table>",https://doi.org/10.1155/2017/1240323,-0.5222,0.35,3,119,174,109,3.388,2017,109,3.388
4278,asensio-cubero (2013),"<table><tr><td>Authors:</td><td>asensio-cubero, javier; gan, john q.; palaniappan, ramaswamy</td></tr><tr><td>Title:</td><td>extracting optimal tempo-spatial features using local discriminant bases and common spatial patterns for brain computer interfacing</td></tr><tr><td>Source:</td><td>biomedical signal processing and control, 8(6), 772-778</td></tr><tr><td>Year:</td><td>2013</td></tr></table>",https://doi.org/10.1016/j.bspc.2013.07.004,-0.9053,-0.3133,1,214,455,35,1.4875,2013,35,1.4875
4285,mahmoud (2017),"<table><tr><td>Authors:</td><td>mahmoud, rwan; shanableh, tamer; bodala, indu prasad; thakor, nitish v.; al-nashash, hasan</td></tr><tr><td>Title:</td><td>novel classification system for classifying cognitive workload levels under vague visual stimulation</td></tr><tr><td>Source:</td><td>ieee sensors journal, 17(21), 7019-7028</td></tr><tr><td>Year:</td><td>2017</td></tr></table>",https://doi.org/10.1109/jsen.2017.2727539,-0.5693,-0.1624,1,217,288,24,0.746,2017,24,0.746
4294,falcon-caro (2024),"<table><tr><td>Authors:</td><td>falcon-caro, alicia; shirani, sepehr; ferreira, joao filipe; bird, jordan j.; sanei, saeid</td></tr><tr><td>Title:</td><td>formulation of common spatial patterns for multi-task hyperscanning bci</td></tr><tr><td>Source:</td><td>ieee transactions on biomedical engineering, 71(6), 1950-1957</td></tr><tr><td>Year:</td><td>2024</td></tr></table>",https://doi.org/10.1109/tbme.2024.3356665,-0.6305,-0.2508,1,215,368,8,1.494,2024,8,1.494
4297,lopez-bernal (2022),"<table><tr><td>Authors:</td><td>lopez-bernal, diego; balderas, david; ponce, pedro; molina, arturo</td></tr><tr><td>Title:</td><td>a state-of-the-art review of eeg-based imagined speech decoding</td></tr><tr><td>Source:</td><td>frontiers in human neuroscience, 16</td></tr><tr><td>Year:</td><td>2022</td></tr></table>",https://doi.org/10.3389/fnhum.2022.867281,-0.2513,0.0565,4,127,202,71,4.964,2022,71,4.964
4304,ali (2020),"<table><tr><td>Authors:</td><td>ali, muhammad ammar; ucuncu, duygu; atas, pinar karadayi; ozogur-akyuz, sureyya</td></tr><tr><td>Title:</td><td>classification of motor imagery task by using novel ensemble pruning approach</td></tr><tr><td>Source:</td><td>ieee transactions on fuzzy systems, 28(1), 85-91</td></tr><tr><td>Year:</td><td>2020</td></tr></table>",https://doi.org/10.1109/tfuzz.2019.2900859,-0.6587,-0.0627,1,204,281,12,0.4753,2020,12,0.4753
4311,kang (2014),"<table><tr><td>Authors:</td><td>kang, hyohyeong; choi, seungjin</td></tr><tr><td>Title:</td><td>bayesian common spatial patterns for multi-subject eeg classification</td></tr><tr><td>Source:</td><td>neural networks, 57, 39-50</td></tr><tr><td>Year:</td><td>2014</td></tr></table>",https://doi.org/10.1016/j.neunet.2014.05.012,-0.7453,-0.2696,1,235,474,81,2.7263,2014,81,2.7263
4312,zhang (2022c),"<table><tr><td>Authors:</td><td>zhang, wen; wang, ziwei; wu, dongrui</td></tr><tr><td>Title:</td><td>multi-source decentralized transfer for privacy-preserving bcis</td></tr><tr><td>Source:</td><td>ieee transactions on neural systems and rehabilitation engineering, 30, 2710-2720</td></tr><tr><td>Year:</td><td>2022</td></tr></table>",https://doi.org/10.1109/tnsre.2022.3207494,0.0024,-0.2688,4,318,672,30,2.0975,2022,30,2.0975
4315,usman (2017),"<table><tr><td>Authors:</td><td>usman, syed muhammad; usman, muhammad; fong, simon</td></tr><tr><td>Title:</td><td>epileptic seizures prediction using machine learning methods</td></tr><tr><td>Source:</td><td>computational and mathematical methods in medicine, 2017</td></tr><tr><td>Year:</td><td>2017</td></tr></table>",https://doi.org/10.1155/2017/9074759,-0.6042,0.1128,1,215,291,120,3.7299,2017,120,3.7299
4316,bouazizi (2023),"<table><tr><td>Authors:</td><td>bouazizi, samar; benmohamed, emna; ltifi, hela</td></tr><tr><td>Title:</td><td>enhancing eeg-based emotion recognition using psd-grouped deep echo state network</td></tr><tr><td>Source:</td><td>journal of universal computer science, 29(10), 1116-1138</td></tr><tr><td>Year:</td><td>2023</td></tr></table>",https://doi.org/10.3897/jucs.98789,1.2052,0.0012,2,175,398,5,0.4527,2023,5,0.4527
4321,prashant (2015),"<table><tr><td>Authors:</td><td>prashant, parmar; joshi, anand; gandhi, vaibhav</td></tr><tr><td>Title:</td><td>brain computer interface: a review</td></tr><tr><td>Source:</td><td>2015 5th nirma university international conference on engineering</td></tr><tr><td>Year:</td><td>2015</td></tr></table>",,-0.8752,-0.0722,1,160,261,5,0.2136,2015,5,0.2136
4322,colomer granero (2016),"<table><tr><td>Authors:</td><td>colomer granero, adrian; fuentes-hurtado, felix; naranjo ornedo, valery; guixeres provinciale, jaime; ausin, jose m.; alcaniz raya, mariano</td></tr><tr><td>Title:</td><td>a comparison of physiological signal analysis techniques and classifiers for automatic emotional evaluation of audiovisual contents</td></tr><tr><td>Source:</td><td>frontiers in computational neuroscience, 10</td></tr><tr><td>Year:</td><td>2016</td></tr></table>",https://doi.org/10.3389/fncom.2016.00074,0.0243,0.1576,3,143,179,44,1.9828,2016,44,1.9828
4323,xu (2026),"<table><tr><td>Authors:</td><td>xu, xu; chen, junxin; he, qiang; wu, yongfei; zhou, yicong</td></tr><tr><td>Title:</td><td>eeg emotion recognition with uncertainty-aware contrastive learning and frequency-aware self-attention</td></tr><tr><td>Source:</td><td>ieee transactions on cybernetics, 56(4), 1845-1858</td></tr><tr><td>Year:</td><td>2026</td></tr></table>",https://doi.org/10.1109/tcyb.2026.3665442,1.3329,-0.1632,2,185,731,1,3.977,2026,1,3.977
4327,sukriti (2021),"<table><tr><td>Authors:</td><td>sukriti; chakraborty, monisha; mitra, debjani</td></tr><tr><td>Title:</td><td>automated detection of epileptic seizures using multiscale and refined composite multiscale dispersion entropy</td></tr><tr><td>Source:</td><td>chaos solitons & fractals, 146</td></tr><tr><td>Year:</td><td>2021</td></tr></table>",https://doi.org/10.1016/j.chaos.2021.110939,-0.2639,0.862,3,115,534,29,1.7078,2021,29,1.7078
4328,song (2019),"<table><tr><td>Authors:</td><td>song, tengfei; zheng, wenming; lu, cheng; zong, yuan; zhang, xilei; cui, zhen</td></tr><tr><td>Title:</td><td>mped: a multi-model physiological emotion database for discrete emotion recongnition</td></tr><tr><td>Source:</td><td>ieee access, 7, 12177-12191</td></tr><tr><td>Year:</td><td>2019</td></tr></table>",https://doi.org/10.1109/access.2019.2891579,1.1142,0.0655,2,193,570,232,11.0247,2019,232,11.0247
4340,abbasi (2024),"<table><tr><td>Authors:</td><td>abbasi, muhammad ahmed; abbasi, hafza faiza; yu, xiaojun; aziz, muhammad zulkifal; yih, nicole tye june; fan, zeming</td></tr><tr><td>Title:</td><td>e-sat: an extreme learning machine based self attention approach for decoding motor imagery eeg in subject-specific tasks</td></tr><tr><td>Source:</td><td>journal of neural engineering, 21(5)</td></tr><tr><td>Year:</td><td>2024</td></tr></table>",https://doi.org/10.1088/1741-2552/ad83f4,-0.1479,-0.2717,4,198,326,4,0.747,2024,4,0.747
4362,goel (2018),"<table><tr><td>Authors:</td><td>goel, purvi; joshi, raviraj; sur, mriganka; murthy, hema a.</td></tr><tr><td>Title:</td><td>a common spatial pattern approach for classification of mental counting and motor execution eeg</td></tr><tr><td>Source:</td><td>intelligent human computer interaction, 11278, 26-35</td></tr><tr><td>Year:</td><td>2018</td></tr></table>",https://doi.org/10.1007/978-3-030-04021-5_3,-0.8419,-0.2607,1,206,375,4,0.1865,2018,4,0.1865
4365,chikkankod (2022),"<table><tr><td>Authors:</td><td>chikkankod, arjun vinayak; longo, luca</td></tr><tr><td>Title:</td><td>on the dimensionality and utility of convolutional autoencoder's latent space trained with topology-preserving spectral eeg head-maps</td></tr><tr><td>Source:</td><td>machine learning and knowledge extraction, 4(4), 1042-1064</td></tr><tr><td>Year:</td><td>2022</td></tr></table>",https://doi.org/10.3390/make4040053,0.3006,0.1059,2,280,411,13,0.9089,2022,13,0.9089
4366,aljal (2019),"<table><tr><td>Authors:</td><td>aljal, majid; djemal, ridha; ibrahim, sutrisno</td></tr><tr><td>Title:</td><td>robot navigation using a brain computer interface based on motor imagery</td></tr><tr><td>Source:</td><td>journal of medical and biological engineering, 39(4), 508-522</td></tr><tr><td>Year:</td><td>2019</td></tr></table>",https://doi.org/10.1007/s40846-018-0431-9,-0.9341,-0.2743,1,182,302,21,0.9979,2019,21,0.9979
4371,rafiuddin (2022),"<table><tr><td>Authors:</td><td>rafiuddin, nidal; khan, yusuf uzzaman; farooq, omar</td></tr><tr><td>Title:</td><td>a novel wavelet approach for multiclass ieeg signal classification in automated diagnosis of epilepsy</td></tr><tr><td>Source:</td><td>ieee transactions on instrumentation and measurement, 71</td></tr><tr><td>Year:</td><td>2022</td></tr></table>",https://doi.org/10.1109/tim.2022.3207799,-0.2557,0.8786,3,94,244,9,0.6292,2022,9,0.6292
4373,pantic (2024),"<table><tr><td>Authors:</td><td>pantic, jovana paunovic; valjarevic, svetlana; cumic, jelena; pantic, igor</td></tr><tr><td>Title:</td><td>ai-enhanced eeg signal interpretation: a novel approach using texture analysis with random forests</td></tr><tr><td>Source:</td><td>medical hypotheses, 189</td></tr><tr><td>Year:</td><td>2024</td></tr></table>",https://doi.org/10.1016/j.mehy.2024.111405,-0.0841,0.2023,3,131,162,7,1.3073,2024,7,1.3073
4374,singh (2016),"<table><tr><td>Authors:</td><td>singh, pushpendra; joshi, s. d.; patney, r. k.; saha, kaushik</td></tr><tr><td>Title:</td><td>fourier-based feature extraction for classification of eeg signals using eeg rhythms</td></tr><tr><td>Source:</td><td>circuits systems and signal processing, 35(10), 3700-3715</td></tr><tr><td>Year:</td><td>2016</td></tr></table>",https://doi.org/10.1007/s00034-015-0225-z,-0.2215,0.724,3,109,196,38,1.7124,2016,38,1.7124
4384,khan (2023),"<table><tr><td>Authors:</td><td>khan, pritam; ranjan, priyesh; kumar, sudhir</td></tr><tr><td>Title:</td><td>at2gru: a human emotion recognition model with mitigated device heterogeneity</td></tr><tr><td>Source:</td><td>ieee transactions on affective computing, 14(2), 1520-1532</td></tr><tr><td>Year:</td><td>2023</td></tr></table>",https://doi.org/10.1109/taffc.2021.3114123,1.371,-0.0506,2,154,365,15,1.3581,2023,15,1.3581
4385,autthasan (2022),"<table><tr><td>Authors:</td><td>autthasan, phairot; chaisaen, rattanaphon; sudhawiyangkul, thapanun; rangpong, phurin; kiatthaveephong, suktipol; dilokthanakul, nat; bhakdisongkhram, gun; phan, huy; guan, cuntai; wilaiprasitporn, theerawit</td></tr><tr><td>Title:</td><td>min2net: end-to-end multi-task learning for subject-independent motor imagery eeg classification</td></tr><tr><td>Source:</td><td>ieee transactions on biomedical engineering, 69(6), 2105-2118</td></tr><tr><td>Year:</td><td>2022</td></tr></table>",https://doi.org/10.1109/tbme.2021.3137184,-0.4336,-0.3495,1,300,776,140,9.7882,2022,140,9.7882
4395,chang (2025),"<table><tr><td>Authors:</td><td>chang, jiang; zhang, zhixin; qian, yuhua; lin, pan</td></tr><tr><td>Title:</td><td>multi-scale hyperbolic contrastive learning for cross-subject eeg emotion recognition</td></tr><tr><td>Source:</td><td>ieee transactions on affective computing, 16(3), 1716-1731</td></tr><tr><td>Year:</td><td>2025</td></tr></table>",https://doi.org/10.1109/taffc.2025.3535542,1.1581,-0.2142,2,168,376,11,5.5037,2025,11,5.5037
4399,frosolone (2024),"<table><tr><td>Authors:</td><td>frosolone, mirco; prevete, roberto; ognibeni, lorenzo; giugliano, salvatore; apicella, andrea; pezzulo, giovanni; donnarumma, francesco</td></tr><tr><td>Title:</td><td>enhancing eeg-based mi-bcis with class-specific and subject-specific features detected by neural manifold analysis</td></tr><tr><td>Source:</td><td>sensors, 24(18)</td></tr><tr><td>Year:</td><td>2024</td></tr></table>",https://doi.org/10.3390/s24186110,-0.5271,-0.2211,1,312,689,1,0.1868,2024,1,0.1868
4406,kardam (2025),"<table><tr><td>Authors:</td><td>kardam, vikram singh; taran, sachin; pandey, anukul</td></tr><tr><td>Title:</td><td>a novel for motor imagery eeg classification using swarm decomposition and optimized cuckoo search algorithm</td></tr><tr><td>Source:</td><td>advancements in signal, image and video processing, spin 2025, vol 1, 1449, 231-242</td></tr><tr><td>Year:</td><td>2025</td></tr></table>",https://doi.org/10.1007/978-981-96-9967-4_17,-0.7707,-0.1159,1,204,318,0,0,2025,0,0
4416,zhang (2019),"<table><tr><td>Authors:</td><td>zhang, rui; li, xianpeng; wang, yinwang; liu, bo; shi, li; chen, mingming; zhang, lipeng; hu, yuxia</td></tr><tr><td>Title:</td><td>using brain network features to increase the classification accuracy of mi-bci inefficiency subject</td></tr><tr><td>Source:</td><td>ieee access, 7, 74490-74499</td></tr><tr><td>Year:</td><td>2019</td></tr></table>",https://doi.org/10.1109/access.2019.2917327,-0.4573,-0.1819,1,292,579,37,1.7583,2019,37,1.7583
4424,joshi (2022),"<table><tr><td>Authors:</td><td>joshi, vaishali m.; ghongade, rajesh b.</td></tr><tr><td>Title:</td><td>idea: intellect database for emotion analysis using eeg signal</td></tr><tr><td>Source:</td><td>journal of king saud university-computer and information sciences, 34(7), 4433-4447</td></tr><tr><td>Year:</td><td>2022</td></tr></table>",https://doi.org/10.1016/j.jksuci.2020.10.007,1.2184,-0.0447,2,189,641,34,2.3771,2022,34,2.3771
4425,sunaryono (2022),"<table><tr><td>Authors:</td><td>sunaryono, dwi; sarno, riyanarto; siswantoro, joko</td></tr><tr><td>Title:</td><td>gradient boosting machines fusion for automatic epilepsy detection from eeg signals based on wavelet features</td></tr><tr><td>Source:</td><td>journal of king saud university computer and information sciences, 34(10), 9591-9607</td></tr><tr><td>Year:</td><td>2022</td></tr></table>",https://doi.org/10.1016/j.jksuci.2021.11.015,-0.1857,0.8192,3,91,169,26,1.8178,2022,26,1.8178
4429,lei (2025),"<table><tr><td>Authors:</td><td>lei, chunyu; chen, c. l. philip; zhang, tong</td></tr><tr><td>Title:</td><td>am-convbls: adaptive manifold convolutional broad learning system for cross-session and cross-subject emotion recognition</td></tr><tr><td>Source:</td><td>ieee transactions on affective computing, 16(4), 2788-2802</td></tr><tr><td>Year:</td><td>2025</td></tr></table>",https://doi.org/10.1109/taffc.2025.3565570,1.1936,-0.2069,2,193,665,2,1.0007,2025,2,1.0007
4431,yang (2021a),"<table><tr><td>Authors:</td><td>yang, xinwu; zhao, jiaqi; sun, qi; lu, jianbo; ma, xu</td></tr><tr><td>Title:</td><td>an effective dual self-attention residual network for seizure prediction</td></tr><tr><td>Source:</td><td>ieee transactions on neural systems and rehabilitation engineering, 29, 1604-1613</td></tr><tr><td>Year:</td><td>2021</td></tr></table>",https://doi.org/10.1109/tnsre.2021.3103210,-0.0172,0.5214,3,114,198,116,6.8313,2021,116,6.8313
4447,li (2023a),"<table><tr><td>Authors:</td><td>li, wei; huan, wei; shao, shitong; hou, bowen; song, aiguo</td></tr><tr><td>Title:</td><td>ms-fran: a novel multi-source domain adaptation method for eeg-based emotion recognition</td></tr><tr><td>Source:</td><td>ieee journal of biomedical and health informatics, 27(11), 5302-5313</td></tr><tr><td>Year:</td><td>2023</td></tr></table>",https://doi.org/10.1109/jbhi.2023.3311338,1.0454,-0.2506,2,229,653,20,1.8108,2023,20,1.8108
4461,liu (2013a),"<table><tr><td>Authors:</td><td>liu, chong; wang, hong; lu, zhiguo</td></tr><tr><td>Title:</td><td>eeg classification for multiclass motor imagery bci</td></tr><tr><td>Source:</td><td>2013 25th chinese control and decision conference (ccdc), 4450-4453</td></tr><tr><td>Year:</td><td>2013</td></tr></table>",,-0.9467,-0.1923,1,225,508,13,0.5525,2013,13,0.5525
4462,cheng (2014),"<table><tr><td>Authors:</td><td>cheng, minmin; wang, haixian; lu, zuhong; lu, deji</td></tr><tr><td>Title:</td><td>temporally regularized filters for common spatial patterns by preserving locally linear structure of eeg trials</td></tr><tr><td>Source:</td><td>neural information processing, iconip 2014, pt iii, 8836, 167-174</td></tr><tr><td>Year:</td><td>2014</td></tr></table>",,-0.9768,-0.2956,1,211,409,1,0.0337,2014,1,0.0337
4466,li (2019c),"<table><tr><td>Authors:</td><td>li, dahua; wang, zhe; wang, chuhan; liu, shuang; chi, wenhao; dong, enzeng; song, xiaolin; gao, qiang; song, yu</td></tr><tr><td>Title:</td><td>the fusion of electroencephalography and facial expression for continuous emotion recognition</td></tr><tr><td>Source:</td><td>ieee access, 7, 155724-155736</td></tr><tr><td>Year:</td><td>2019</td></tr></table>",https://doi.org/10.1109/access.2019.2949707,0.8968,-0.0517,2,242,530,56,2.6611,2019,56,2.6611
4469,qu (2024),"<table><tr><td>Authors:</td><td>qu, gangguo; wang, fei; bi, jinying; an, zida; hu, fangzhou; li, hao; han, shuai</td></tr><tr><td>Title:</td><td>a hybrid critical channel selection framework for eeg emotion recognition</td></tr><tr><td>Source:</td><td>ieee sensors journal, 24(9), 14881-14893</td></tr><tr><td>Year:</td><td>2024</td></tr></table>",https://doi.org/10.1109/jsen.2024.3380749,1.2031,-0.0573,2,182,447,10,1.8675,2024,10,1.8675
4470,thomas (2010),"<table><tr><td>Authors:</td><td>thomas, kavitha p.; guan, cuntai; tong, lau chiew; vinod, a. p.</td></tr><tr><td>Title:</td><td>a study on the impact of spectral variability in brain-computer interface</td></tr><tr><td>Source:</td><td>2010 ieee international symposium on circuits and systems, 1189-1192</td></tr><tr><td>Year:</td><td>2010</td></tr></table>",,-0.9498,-0.3117,1,209,386,7,0.1904,2010,7,0.1904
4477,khateeb (2021),"<table><tr><td>Authors:</td><td>khateeb, muhammad; anwar, syed muhammad; alnowami, majdi</td></tr><tr><td>Title:</td><td>multi-domain feature fusion for emotion classification using deap dataset</td></tr><tr><td>Source:</td><td>ieee access, 9, 12134-12142</td></tr><tr><td>Year:</td><td>2021</td></tr></table>",https://doi.org/10.1109/access.2021.3051281,1.2242,0.0157,2,156,386,82,4.829,2021,82,4.829
4484,rahman (2021a),"<table><tr><td>Authors:</td><td>rahman, md. mustafizur; sarkar, ajay krishno; hossain, md. amzad; hossain, md. selim; islam, md. rabiul; hossain, md. biplob; quinn, julian m. w.; moni, mohammad ali</td></tr><tr><td>Title:</td><td>recognition of human emotions using eeg signals: a review</td></tr><tr><td>Source:</td><td>computers in biology and medicine, 136</td></tr><tr><td>Year:</td><td>2021</td></tr></table>",https://doi.org/10.1016/j.compbiomed.2021.104696,1.0474,0.0205,2,238,1007,174,10.247,2021,174,10.247
4486,fumanal-idocin (2022),"<table><tr><td>Authors:</td><td>fumanal-idocin, javier; wang, yu-kai; lin, chin-teng; fernandez, javier; antonio sanz, jose; bustince, humberto</td></tr><tr><td>Title:</td><td>motor-imagery-based brain-computer interface using signal derivation and aggregation functions</td></tr><tr><td>Source:</td><td>ieee transactions on cybernetics, 52(8), 7944-7955</td></tr><tr><td>Year:</td><td>2022</td></tr></table>",https://doi.org/10.1109/tcyb.2021.3073210,-0.5101,-0.1682,1,277,471,45,3.1462,2022,45,3.1462
4491,chen (2018),"<table><tr><td>Authors:</td><td>chen, tian; ju, sihang; yuan, xiaohui; elhoseny, mohamed; ren, fuji; fan, mingyan; chen, zhangang</td></tr><tr><td>Title:</td><td>emotion recognition using empirical mode decomposition and approximation entropy</td></tr><tr><td>Source:</td><td>computers & electrical engineering, 72, 383-392</td></tr><tr><td>Year:</td><td>2018</td></tr></table>",https://doi.org/10.1016/j.compeleceng.2018.09.022,0.8362,0.0932,2,174,270,57,2.657,2018,57,2.657
4498,prasanna (2021),"<table><tr><td>Authors:</td><td>prasanna, j.; subathra, m. s. p.; mohammed, mazin abed; damasevicius, robertas; sairamya, nanjappan jothiraj; george, s. thomas</td></tr><tr><td>Title:</td><td>automated epileptic seizure detection in pediatric subjects of chb-mit eeg database-a survey</td></tr><tr><td>Source:</td><td>journal of personalized medicine, 11(10)</td></tr><tr><td>Year:</td><td>2021</td></tr></table>",https://doi.org/10.3390/jpm11101028,-0.148,0.6884,3,97,207,73,4.299,2021,73,4.299
4499,ma (2020),"<table><tr><td>Authors:</td><td>ma, xuelin; qiu, shuang; he, huiguang</td></tr><tr><td>Title:</td><td>multi-channel eeg recording during motor imagery of different joints from the same limb</td></tr><tr><td>Source:</td><td>scientific data, 7(1)</td></tr><tr><td>Year:</td><td>2020</td></tr></table>",https://doi.org/10.1038/s41597-020-0535-2,-0.5646,-0.1653,1,226,354,40,1.5844,2020,40,1.5844
4508,pan (2010),"<table><tr><td>Authors:</td><td>pan, yaozhang; goh, qing zhuang; ge, shuzhi sam; tee, keng peng; hong, keum-shik</td></tr><tr><td>Title:</td><td>mind robotic rehabilitation based on motor imagery brain computer interface</td></tr><tr><td>Source:</td><td>social robotics, icsr 2010, 6414, 161-171</td></tr><tr><td>Year:</td><td>2010</td></tr></table>",,-0.9372,-0.2646,1,194,337,2,0.0544,2010,2,0.0544
4520,sun (2021),"<table><tr><td>Authors:</td><td>sun, hao; jin, jing; xu, ren; cichocki, andrzej</td></tr><tr><td>Title:</td><td>feature selection combining filter and wrapper methods for motor-imagery based brain-computer interfaces</td></tr><tr><td>Source:</td><td>international journal of neural systems, 31(09)</td></tr><tr><td>Year:</td><td>2021</td></tr></table>",https://doi.org/10.1142/s0129065721500404,-0.7054,-0.1818,1,183,303,27,1.59,2021,27,1.59
4545,wei (2023),"<table><tr><td>Authors:</td><td>wei, qingguo; ding, xinjie</td></tr><tr><td>Title:</td><td>intra- and inter-subject common spatial pattern for reducing calibration effort in mi-based bci</td></tr><tr><td>Source:</td><td>ieee transactions on neural systems and rehabilitation engineering, 31, 904-916</td></tr><tr><td>Year:</td><td>2023</td></tr></table>",https://doi.org/10.1109/tnsre.2023.3236372,-0.6784,-0.3601,1,225,504,14,1.2675,2023,14,1.2675
4550,baghdadi (2021),"<table><tr><td>Authors:</td><td>baghdadi, asma; aribi, yassine; fourati, rahma; halouani, najla; siarry, patrick; alimi, adel</td></tr><tr><td>Title:</td><td>psychological stimulation for anxious states detection based on eeg-related features</td></tr><tr><td>Source:</td><td>journal of ambient intelligence and humanized computing, 12(8), 8519-8533</td></tr><tr><td>Year:</td><td>2021</td></tr></table>",https://doi.org/10.1007/s12652-020-02586-8,0.7245,0.0489,2,204,367,23,1.3545,2021,23,1.3545
4554,chen (2025),"<table><tr><td>Authors:</td><td>chen, c. l. philip; chen, bianna; zhang, tong</td></tr><tr><td>Title:</td><td>adamgraph: adaptive attention-modulated graph network for eeg emotion recognition</td></tr><tr><td>Source:</td><td>ieee transactions on cybernetics, 55(5), 2038-2051</td></tr><tr><td>Year:</td><td>2025</td></tr></table>",https://doi.org/10.1109/tcyb.2025.3550191,1.2585,-0.2433,2,183,633,12,6.004,2025,12,6.004
4559,kim (2022),"<table><tr><td>Authors:</td><td>kim, byung hyung; jo, sungho; choi, sunghee</td></tr><tr><td>Title:</td><td>alis: learning affective causality behind daily activities from a wearable life-log system</td></tr><tr><td>Source:</td><td>ieee transactions on cybernetics, 52(12), 13212-13224</td></tr><tr><td>Year:</td><td>2022</td></tr></table>",https://doi.org/10.1109/tcyb.2021.3106638,1.0876,-0.053,2,192,368,13,0.9089,2022,13,0.9089
4565,he (2020),"<table><tr><td>Authors:</td><td>he, he; wu, dongrui</td></tr><tr><td>Title:</td><td>transfer learning for brain-computer interfaces: a euclidean space data alignment approach</td></tr><tr><td>Source:</td><td>ieee transactions on biomedical engineering, 67(2), 399-410</td></tr><tr><td>Year:</td><td>2020</td></tr></table>",https://doi.org/10.1109/tbme.2019.2913914,-0.5725,-0.1931,1,293,637,375,14.854,2020,375,14.854
4574,sharma (2021),"<table><tr><td>Authors:</td><td>sharma, lakhan dev; bhattacharyya, abhijit</td></tr><tr><td>Title:</td><td>a computerized approach for automatic human emotion recognition using sliding mode singular spectrum analysis</td></tr><tr><td>Source:</td><td>ieee sensors journal, 21(23), 26931-26940</td></tr><tr><td>Year:</td><td>2021</td></tr></table>",https://doi.org/10.1109/jsen.2021.3120787,1.2154,-0.0846,2,184,553,30,1.7667,2021,30,1.7667
4598,lendaro (2021),"<table><tr><td>Authors:</td><td>lendaro, eva; balouji, ebrahim; baca, karen; muhammad, azam sheikh; ortiz-catalan, max</td></tr><tr><td>Title:</td><td>common spatial pattern eeg decomposition for phantom limb pain detection</td></tr><tr><td>Source:</td><td>2021 43rd annual international conference of the ieee engineering in, 726-729</td></tr><tr><td>Year:</td><td>2021</td></tr></table>",https://doi.org/10.1109/embc46164.2021.9630561,-0.4537,-0.1547,1,207,282,3,0.1767,2021,3,0.1767
4603,zhou (2026),"<table><tr><td>Authors:</td><td>zhou, xinhui; wang, li; zhang, lin; yao, wenling; li, gaofei</td></tr><tr><td>Title:</td><td>dynamic source domain selection: an adaptive eeg transfer learning framework for mitigating negative transfer</td></tr><tr><td>Source:</td><td>journal of neuroscience methods, 432</td></tr><tr><td>Year:</td><td>2026</td></tr></table>",https://doi.org/10.1016/j.jneumeth.2026.110768,0.0041,-0.3654,4,217,441,0,0,2026,0,0
4607,ghosh (2021),"<table><tr><td>Authors:</td><td>ghosh, snigdha madhab; bandyopadhyay, sharba; mitra, debjani</td></tr><tr><td>Title:</td><td>nonlinear classification of emotion from eeg signal based on maximized mutual information</td></tr><tr><td>Source:</td><td>expert systems with applications, 185</td></tr><tr><td>Year:</td><td>2021</td></tr></table>",https://doi.org/10.1016/j.eswa.2021.115605,1.2819,0.0358,2,160,479,11,0.6478,2021,11,0.6478
4608,wang (2018),"<table><tr><td>Authors:</td><td>wang, jie; feng, zuren; lu, na; luo, jing</td></tr><tr><td>Title:</td><td>toward optimal feature and time segment selection by divergence method for eeg signals classification</td></tr><tr><td>Source:</td><td>computers in biology and medicine, 97, 161-170</td></tr><tr><td>Year:</td><td>2018</td></tr></table>",https://doi.org/10.1016/j.compbiomed.2018.04.022,-0.9077,-0.2874,1,211,467,22,1.0255,2018,22,1.0255
4613,ehiabhi (2023),"<table><tr><td>Authors:</td><td>ehiabhi, jolly; wang, haifeng</td></tr><tr><td>Title:</td><td>a systematic review of machine learning models in mental health analysis based on multi-channel multi-modal biometric signals</td></tr><tr><td>Source:</td><td>biomedinformatics, 3(1), 193-219</td></tr><tr><td>Year:</td><td>2023</td></tr></table>",https://doi.org/10.3390/biomedinformatics3010014,0.0959,0.236,3,102,132,6,0.5432,2023,6,0.5432
4628,rahman (2016),"<table><tr><td>Authors:</td><td>rahman, m. k. m.; joadder, md. a. mannan; ashique, tanvir ahammed</td></tr><tr><td>Title:</td><td>seizure detection system: a comparative study on features and fusions</td></tr><tr><td>Source:</td><td>2016 international conference on medical engineering, health informatics</td></tr><tr><td>Year:</td><td>2016</td></tr></table>",,-0.3878,0.6236,3,145,278,0,0,2016,0,0
4637,lee (2024b),"<table><tr><td>Authors:</td><td>lee, juho; choi, jin woo; jo, sungho</td></tr><tr><td>Title:</td><td>selective multi-source domain adaptation network for cross-subject motor imagery discrimination</td></tr><tr><td>Source:</td><td>ieee transactions on cognitive and developmental systems, 16(3), 923-934</td></tr><tr><td>Year:</td><td>2024</td></tr></table>",https://doi.org/10.1109/tcds.2023.3314351,-0.2291,-0.3138,4,252,465,6,1.1205,2024,6,1.1205
4641,yang (2021b),"<table><tr><td>Authors:</td><td>yang, banghua; li, du; ma, baiheng; gu, xuelin; kong, dewen</td></tr><tr><td>Title:</td><td>motor imagery eeg classification method based on adaptive decision surface of lda classifier</td></tr><tr><td>Source:</td><td>proceedings of 2021 11th international conference on bioscience,, 37-41</td></tr><tr><td>Year:</td><td>2021</td></tr></table>",https://doi.org/10.1145/3448340.3448346,-0.9831,-0.2522,1,191,332,2,0.1178,2021,2,0.1178
4655,hekmatmanesh (2019),"<table><tr><td>Authors:</td><td>hekmatmanesh, amin; wu, huapeng; motie-nasrabadi, ali; li, ming; handroos, heikki</td></tr><tr><td>Title:</td><td>combination of discrete wavelet packet transform with detrended fluctuation analysis using customized mother wavelet with the aim of an imagery-motor control interface for an exoskeleton</td></tr><tr><td>Source:</td><td>multimedia tools and applications, 78(21), 30503-30522</td></tr><tr><td>Year:</td><td>2019</td></tr></table>",https://doi.org/10.1007/s11042-019-7695-0,-0.3198,-0.0882,1,192,228,18,0.8554,2019,18,0.8554
4661,ansari (2020),"<table><tr><td>Authors:</td><td>ansari, abdul quaiyum; sharma, priyanka; tripathi, manjari</td></tr><tr><td>Title:</td><td>automatic seizure detection using neutrosophic classifier</td></tr><tr><td>Source:</td><td>physical and engineering sciences in medicine, 43(3), 1019-1028</td></tr><tr><td>Year:</td><td>2020</td></tr></table>",https://doi.org/10.1007/s13246-020-00901-3,-0.2224,0.73,3,109,183,12,0.4753,2020,12,0.4753
4675,molla (2021),"<table><tr><td>Authors:</td><td>molla, md khademul islam; saha, sanjoy kumar; yasmin, sabina; islam, md rabiul; shin, jungpil</td></tr><tr><td>Title:</td><td>trial regeneration with subband signals for motor imagery classification in bci paradigm</td></tr><tr><td>Source:</td><td>ieee access, 9, 7632-7642</td></tr><tr><td>Year:</td><td>2021</td></tr></table>",https://doi.org/10.1109/access.2021.3049191,-0.6189,-0.004,1,272,530,9,0.53,2021,9,0.53
4681,acharya (2013),"<table><tr><td>Authors:</td><td>acharya, u. rajendra; sree, s. vinitha; swapna, g.; martis, roshan joy; suri, jasjit s.</td></tr><tr><td>Title:</td><td>automated eeg analysis of epilepsy: a review</td></tr><tr><td>Source:</td><td>knowledge-based systems, 45, 147-165</td></tr><tr><td>Year:</td><td>2013</td></tr></table>",https://doi.org/10.1016/j.knosys.2013.02.014,-0.3553,0.7489,3,145,570,434,18.4446,2013,434,18.4446
4685,fernandez-blanco (2013),"<table><tr><td>Authors:</td><td>fernandez-blanco, enrique; rivero, daniel; gestal, marcos; dorado, julian</td></tr><tr><td>Title:</td><td>classification of signals by means of genetic programming</td></tr><tr><td>Source:</td><td>soft computing, 17(10), 1929-1937</td></tr><tr><td>Year:</td><td>2013</td></tr></table>",https://doi.org/10.1007/s00500-013-1036-4,-0.374,0.819,3,107,262,16,0.68,2013,16,0.68
4688,erat (2024),"<table><tr><td>Authors:</td><td>erat, kubra; sahin, elif bilge; dogan, furkan; merdanoglu, nur; akcakaya, ahmet; durdu, pinar onay</td></tr><tr><td>Title:</td><td>emotion recognition with eeg-based brain-computer interfaces: a systematic literature review</td></tr><tr><td>Source:</td><td>multimedia tools and applications</td></tr><tr><td>Year:</td><td>2024</td></tr></table>",https://doi.org/10.1007/s11042-024-18259-z,0.6435,-0.0673,2,297,773,36,6.723,2024,36,6.723
4696,peng (2022),"<table><tr><td>Authors:</td><td>peng, yong; qin, feiwei; kong, wanzeng; ge, yuan; nie, feiping; cichocki, andrzej</td></tr><tr><td>Title:</td><td>gfil: a unified framework for the importance analysis of features, frequency bands, and channels in eeg-based emotion recognition</td></tr><tr><td>Source:</td><td>ieee transactions on cognitive and developmental systems, 14(3), 935-947</td></tr><tr><td>Year:</td><td>2022</td></tr></table>",https://doi.org/10.1109/tcds.2021.3082803,0.8536,-0.082,2,264,664,76,5.3136,2022,76,5.3136
4698,ghodousi (2023),"<table><tr><td>Authors:</td><td>ghodousi, mahrad; pousson, jachin edward; bernhofs, valdis; griskova-bulanova, inga</td></tr><tr><td>Title:</td><td>assessment of different feature extraction methods for discriminating expressed emotions during music performance towards bcmi application</td></tr><tr><td>Source:</td><td>sensors, 23(4)</td></tr><tr><td>Year:</td><td>2023</td></tr></table>",https://doi.org/10.3390/s23042252,0.606,0.0365,2,192,259,1,0.0905,2023,1,0.0905
4701,su (2015),"<table><tr><td>Authors:</td><td>su, yuxi; li, yali; wang, shengjin</td></tr><tr><td>Title:</td><td>filter ensemble regularized common spatial pattern for eeg classification</td></tr><tr><td>Source:</td><td>seventh international conference on digital image processing (icdip, 9631</td></tr><tr><td>Year:</td><td>2015</td></tr></table>",https://doi.org/10.1117/12.2197163,-0.8931,-0.3782,1,201,398,5,0.2136,2015,5,0.2136
4711,lee (2025),"<table><tr><td>Authors:</td><td>lee, dong-geun; lee, seung-bo</td></tr><tr><td>Title:</td><td>diagnosis of alzheimer's disease and frontotemporal dementia from electroencephalography signals</td></tr><tr><td>Source:</td><td>ieee transactions on neural systems and rehabilitation engineering, 33, 2160-2169</td></tr><tr><td>Year:</td><td>2025</td></tr></table>",https://doi.org/10.1109/tnsre.2025.3575840,-0.1828,0.0781,1,170,193,3,1.501,2025,3,1.501
4714,deng (2025),"<table><tr><td>Authors:</td><td>deng, xin; hong, xinyi; ai, lijiao; li, xingchen; li, chenhui</td></tr><tr><td>Title:</td><td>multi-source reinforced selective domain adaptation for cross-subject and cross-session eeg-based emotion recognition</td></tr><tr><td>Source:</td><td>ieee access, 13, 94822-94833</td></tr><tr><td>Year:</td><td>2025</td></tr></table>",https://doi.org/10.1109/access.2025.3574515,1.1313,-0.217,2,196,525,0,0,2025,0,0
4730,kumar (2018),"<table><tr><td>Authors:</td><td>kumar, shiu; sharma, alok</td></tr><tr><td>Title:</td><td>a new parameter tuning approach for enhanced motor imagery eeg signal classification</td></tr><tr><td>Source:</td><td>medical & biological engineering & computing, 56(10), 1861-1874</td></tr><tr><td>Year:</td><td>2018</td></tr></table>",https://doi.org/10.1007/s11517-018-1821-4,-0.8688,-0.2208,1,231,525,54,2.5172,2018,54,2.5172
4732,wang (2024b),"<table><tr><td>Authors:</td><td>wang, yiming; yu, hui; gao, weihong; xia, yifan; nduka, charles</td></tr><tr><td>Title:</td><td>mgeed: a multimodal genuine emotion and expression detection database</td></tr><tr><td>Source:</td><td>ieee transactions on affective computing, 15(2), 606-619</td></tr><tr><td>Year:</td><td>2024</td></tr></table>",https://doi.org/10.1109/taffc.2023.3286351,1.2193,0.0432,2,158,415,17,3.1748,2024,17,3.1748
4740,lu (2014),"<table><tr><td>Authors:</td><td>lu, jun; xie, kan; mcfarland, dennis j.</td></tr><tr><td>Title:</td><td>adaptive spatio-temporal filtering for movement related potentials in eeg-based brain-computer interfaces</td></tr><tr><td>Source:</td><td>ieee transactions on neural systems and rehabilitation engineering, 22(4), 847-857</td></tr><tr><td>Year:</td><td>2014</td></tr></table>",https://doi.org/10.1109/tnsre.2014.2315717,-0.8001,-0.1441,1,172,309,23,0.7741,2014,23,0.7741
4742,gonzalez (2021),"<table><tr><td>Authors:</td><td>gonzalez, hector a.; george, richard; muzaffar, shahzad; acevedo, javier; hoeppner, sebastian; mayr, christian; yoo, jerald; fitzek, frank h. p.; elfadel, ibrahim m.</td></tr><tr><td>Title:</td><td>hardware acceleration of eeg-based emotion classification systems: a comprehensive survey</td></tr><tr><td>Source:</td><td>ieee transactions on biomedical circuits and systems, 15(3), 412-442</td></tr><tr><td>Year:</td><td>2021</td></tr></table>",https://doi.org/10.1109/tbcas.2021.3089132,1.0415,0.0056,2,264,1267,24,1.4134,2021,24,1.4134
4743,zhang (2025a),"<table><tr><td>Authors:</td><td>zhang, yifan; yu, yang; li, hao; wu, anqi; chen, xin; liu, jinfang; zeng, ling-li; hu, dewen</td></tr><tr><td>Title:</td><td>dmae-eeg: a pretraining framework for eeg spatiotemporal representation learning</td></tr><tr><td>Source:</td><td>ieee transactions on neural networks and learning systems, 36(10), 17664-17678</td></tr><tr><td>Year:</td><td>2025</td></tr></table>",https://doi.org/10.1109/tnnls.2025.3581991,0.0394,-0.0746,4,219,332,5,2.5017,2025,5,2.5017
4747,wu (2025),"<table><tr><td>Authors:</td><td>wu, mengqi; chen, c. l. philip; chen, bianna; zhang, tong</td></tr><tr><td>Title:</td><td>grop: graph orthogonal purification network for eeg emotion recognition</td></tr><tr><td>Source:</td><td>ieee transactions on affective computing, 16(1), 319-332</td></tr><tr><td>Year:</td><td>2025</td></tr></table>",https://doi.org/10.1109/taffc.2024.3433613,1.3198,-0.2558,2,155,502,28,14.0094,2025,28,14.0094
4761,dasdemir (2022),"<table><tr><td>Authors:</td><td>dasdemir, yaar; ozakar, rustem</td></tr><tr><td>Title:</td><td>affective states classification performance of audio-visual stimuli from eeg signals with multiple-instance learning</td></tr><tr><td>Source:</td><td>turkish journal of electrical engineering and computer sciences, 30(7), 2707-2724</td></tr><tr><td>Year:</td><td>2022</td></tr></table>",https://doi.org/10.55730/1300-0632.3964,0.7417,-0.0132,2,248,415,6,0.4195,2022,6,0.4195
4765,wen (2026b),"<table><tr><td>Authors:</td><td>wen, yongxuan; chen, wanzhong</td></tr><tr><td>Title:</td><td>a multi-modal emotion recognition method considering the contribution and redundancy of channels and the correlation and heterogeneity of modalities</td></tr><tr><td>Source:</td><td>measurement, 258</td></tr><tr><td>Year:</td><td>2026</td></tr></table>",https://doi.org/10.1016/j.measurement.2025.119247,0.9094,-0.0229,2,233,543,2,7.954,2026,2,7.954
4767,du (2017),"<table><tr><td>Authors:</td><td>du, jiachen; xu, ruifeng; wen, zhiyuan</td></tr><tr><td>Title:</td><td>a symbolic representation approach of eeg signals for emotion recognition</td></tr><tr><td>Source:</td><td>2017 international conference on security, pattern analysis, and, 666-671</td></tr><tr><td>Year:</td><td>2017</td></tr></table>",,0.8669,0.2037,2,171,305,3,0.0932,2017,3,0.0932
4771,ryan (2025),"<table><tr><td>Authors:</td><td>ryan, larry; agaian, sos</td></tr><tr><td>Title:</td><td>breast cancer detection using infrared thermography: a survey of texture analysis and machine learning approaches</td></tr><tr><td>Source:</td><td>bioengineering-basel, 12(6)</td></tr><tr><td>Year:</td><td>2025</td></tr></table>",https://doi.org/10.3390/bioengineering12060639,0.2097,0.2244,3,109,129,6,3.002,2025,6,3.002
4772,liu (2019),"<table><tr><td>Authors:</td><td>liu, zhen-tao; xie, qiao; wu, min; cao, wei-hua; li, dan-yun; li, si-han</td></tr><tr><td>Title:</td><td>electroencephalogram emotion recognition based on empirical mode decomposition and optimal feature selection</td></tr><tr><td>Source:</td><td>ieee transactions on cognitive and developmental systems, 11(4), 517-526</td></tr><tr><td>Year:</td><td>2019</td></tr></table>",https://doi.org/10.1109/tcds.2018.2868121,0.9651,0.1046,2,194,399,62,2.9463,2019,62,2.9463
4814,vidyaratne (2017),"<table><tr><td>Authors:</td><td>vidyaratne, lasitha s.; iftekharuddin, khan m.</td></tr><tr><td>Title:</td><td>real-time epileptic seizure detection using eeg</td></tr><tr><td>Source:</td><td>ieee transactions on neural systems and rehabilitation engineering, 25(11), 2146-2156</td></tr><tr><td>Year:</td><td>2017</td></tr></table>",https://doi.org/10.1109/tnsre.2017.2697920,-0.2378,0.712,3,122,258,168,5.2219,2017,168,5.2219
4816,ye (2025),"<table><tr><td>Authors:</td><td>ye, weishan; zhang, zhiguo; teng, fei; zhang, min; wang, jianhong; ni, dong; li, fali; xu, peng; liang, zhen</td></tr><tr><td>Title:</td><td>semi-supervised dual-stream self-attentive adversarial graph contrastive learning for cross-subject eeg-based emotion recognition</td></tr><tr><td>Source:</td><td>ieee transactions on affective computing, 16(1), 290-305</td></tr><tr><td>Year:</td><td>2025</td></tr></table>",https://doi.org/10.1109/taffc.2024.3433470,1.0225,-0.216,2,213,697,31,15.5104,2025,31,15.5104
4818,dong (2025),"<table><tr><td>Authors:</td><td>dong, qiulei; zhang, han; xiao, jun; sun, jiayin</td></tr><tr><td>Title:</td><td>multi-scale spatio-temporal attention network for epileptic seizure prediction</td></tr><tr><td>Source:</td><td>ieee journal of biomedical and health informatics, 29(7), 4784-4795</td></tr><tr><td>Year:</td><td>2025</td></tr></table>",https://doi.org/10.1109/jbhi.2025.3545265,-0.0012,0.5283,3,143,239,6,3.002,2025,6,3.002
4820,zhu (2026),"<table><tr><td>Authors:</td><td>zhu, qiguang; wang, shuxin; chen, weidong</td></tr><tr><td>Title:</td><td>a contrastive learning model of attentional enhancement for eeg cross-subject emotion recognition</td></tr><tr><td>Source:</td><td>biomedical signal processing and control, 112</td></tr><tr><td>Year:</td><td>2026</td></tr></table>",https://doi.org/10.1016/j.bspc.2025.108372,0.9855,-0.299,2,193,427,0,0,2026,0,0
4821,liu (2026b),"<table><tr><td>Authors:</td><td>liu, ming; zhang, zichong; guo, haifeng; yang, jianli; xiong, peng; zhang, jieshuo; liu, xiuling</td></tr><tr><td>Title:</td><td>multi-scale graph convolutional eeg emotion recognition method driven by dynamic channel state labels</td></tr><tr><td>Source:</td><td>biomedical signal processing and control, 117</td></tr><tr><td>Year:</td><td>2026</td></tr></table>",https://doi.org/10.1016/j.bspc.2026.109515,1.0835,-0.2282,2,192,468,0,0,2026,0,0
4822,jin (2025a),"<table><tr><td>Authors:</td><td>jin, xing; zhu, fa; shen, yu; jeon, gwanggil; camacho, david</td></tr><tr><td>Title:</td><td>data-driven dynamic graph convolution transformer network model for eeg emotion recognition under iomt environment</td></tr><tr><td>Source:</td><td>big data mining and analytics, 8(3), 712-725</td></tr><tr><td>Year:</td><td>2025</td></tr></table>",https://doi.org/10.26599/bdma.2024.9020071,1.315,-0.1586,2,184,607,7,3.5024,2025,7,3.5024
4823,ibrahim (2018),"<table><tr><td>Authors:</td><td>ibrahim, sutrisno; djemal, ridha; alsuwailem, abdullah</td></tr><tr><td>Title:</td><td>electroencephalography (eeg) signal processing for epilepsy and autism spectrum disorder diagnosis</td></tr><tr><td>Source:</td><td>biocybernetics and biomedical engineering, 38(1), 16-26</td></tr><tr><td>Year:</td><td>2018</td></tr></table>",https://doi.org/10.1016/j.bbe.2017.08.006,-0.3207,0.7253,3,125,248,124,5.7802,2018,124,5.7802
4824,otarbay (2026),"<table><tr><td>Authors:</td><td>otarbay, zhenis; kyzyrkanov, abzal</td></tr><tr><td>Title:</td><td>transfer learning for subject-independent motor imagery eeg classification using convolutional relational networks</td></tr><tr><td>Source:</td><td>frontiers in neuroscience, 19</td></tr><tr><td>Year:</td><td>2026</td></tr></table>",https://doi.org/10.3389/fnins.2025.1691929,-0.0567,-0.3726,4,159,307,2,7.954,2026,2,7.954
4827,zhang (2024b),"<table><tr><td>Authors:</td><td>zhang, rui; guo, huifeng; xu, zongxin; hu, yuxia; chen, mingming; zhang, lipeng</td></tr><tr><td>Title:</td><td>mgfkd: a semi-supervised multi-source domain adaptation algorithm for cross-subject eeg emotion recognition</td></tr><tr><td>Source:</td><td>brain research bulletin, 208</td></tr><tr><td>Year:</td><td>2024</td></tr></table>",https://doi.org/10.1016/j.brainresbull.2024.110901,1.3284,-0.1793,2,175,513,15,2.8013,2024,15,2.8013
4830,liu (2025c),"<table><tr><td>Authors:</td><td>liu, guoyang; zhang, rui; tian, lan; zhou, weidong</td></tr><tr><td>Title:</td><td>fine-grained spatial-frequency-time framework for motor imagery brain-computer interface</td></tr><tr><td>Source:</td><td>ieee journal of biomedical and health informatics, 29(6), 4121-4133</td></tr><tr><td>Year:</td><td>2025</td></tr></table>",https://doi.org/10.1109/jbhi.2025.3536212,-0.4788,-0.3801,1,221,499,16,8.0054,2025,16,8.0054
4835,he (2025),"<table><tr><td>Authors:</td><td>he, wenwen; zhang, yi; liu, zhiyuan; ye, yalan; ren, qinghua; zhan, yongzhao</td></tr><tr><td>Title:</td><td>unsupervised subdomain adaptation framework guided by pseudo label for cross-subject and cross-session eeg emotion recognition</td></tr><tr><td>Source:</td><td>multimedia systems, 31(5)</td></tr><tr><td>Year:</td><td>2025</td></tr></table>",https://doi.org/10.1007/s00530-025-01894-3,1.2129,-0.3092,2,158,386,1,0.5003,2025,1,0.5003
4838,shi (2026),"<table><tr><td>Authors:</td><td>shi, shuo; zheng, xulei; wu, taiyi; hao, xiaoke</td></tr><tr><td>Title:</td><td>various attention mechanism graph convolutional network with multi-source domain adaptation for cross-subject eeg emotion recognition</td></tr><tr><td>Source:</td><td>medical image computing and computer assisted intervention - miccai, 15971, 680-690</td></tr><tr><td>Year:</td><td>2026</td></tr></table>",https://doi.org/10.1007/978-3-032-05162-2_65,1.1568,-0.2908,2,178,413,0,0,2026,0,0
4841,ding (2021),"<table><tr><td>Authors:</td><td>ding, yue; hu, xin; xia, zhenyi; liu, yong-jin; zhang, dan</td></tr><tr><td>Title:</td><td>inter-brain eeg feature extraction and analysis for continuous implicit emotion tagging during video watching</td></tr><tr><td>Source:</td><td>ieee transactions on affective computing, 12(1), 92-102</td></tr><tr><td>Year:</td><td>2021</td></tr></table>",https://doi.org/10.1109/taffc.2018.2849758,0.9249,0.055,2,161,293,50,2.9445,2021,50,2.9445
4842,song (2023),"<table><tr><td>Authors:</td><td>song, yonghao; zheng, qingqing; wang, qiong; gao, xiaorong; heng, pheng-ann</td></tr><tr><td>Title:</td><td>global adaptive transformer for cross-subject enhanced eeg classification</td></tr><tr><td>Source:</td><td>ieee transactions on neural systems and rehabilitation engineering, 31, 2767-2777</td></tr><tr><td>Year:</td><td>2023</td></tr></table>",https://doi.org/10.1109/tnsre.2023.3285309,0.0664,-0.3645,4,212,474,49,4.4364,2023,49,4.4364
4844,chakraborty (2021),"<table><tr><td>Authors:</td><td>chakraborty, biswadeep; ghosh, lidia; konar, amit</td></tr><tr><td>Title:</td><td>optimal selection of eeg electrodes using interval type-2 fuzzy-logic-based semiseparating signaling game</td></tr><tr><td>Source:</td><td>ieee transactions on cybernetics, 51(12), 6200-6212</td></tr><tr><td>Year:</td><td>2021</td></tr></table>",https://doi.org/10.1109/tcyb.2020.2968625,-0.8623,-0.3104,1,209,439,11,0.6478,2021,11,0.6478
4849,wu (2026),"<table><tr><td>Authors:</td><td>wu, shihao; he, xinsheng; zheng, hui; wan, feng; chen, chuangquan; wang, hongtao</td></tr><tr><td>Title:</td><td>stpa-net: integrating spatio-temporal convolutional, multi-scale feature pyramid, and multi-attention mechanisms for eeg-based emotion decoding</td></tr><tr><td>Source:</td><td>biomedical signal processing and control, 119</td></tr><tr><td>Year:</td><td>2026</td></tr></table>",https://doi.org/10.1016/j.bspc.2026.109856,0.8986,-0.2455,2,205,438,0,0,2026,0,0
4853,wang (2024c),"<table><tr><td>Authors:</td><td>wang, yingdong; wu, qingfeng; wang, shuocheng; fang, xiqiao; ruan, qungsheng</td></tr><tr><td>Title:</td><td>mi-eeg: generalized model based on mutual information for eeg emotion recognition without adversarial training</td></tr><tr><td>Source:</td><td>expert systems with applications, 244</td></tr><tr><td>Year:</td><td>2024</td></tr></table>",https://doi.org/10.1016/j.eswa.2023.122777,0.7721,-0.2247,2,210,315,24,4.482,2024,24,4.482
4854,wang (2023b),"<table><tr><td>Authors:</td><td>wang, zehui; chen, chuangquan; li, junhua; wan, feng; sun, yu; wang, hongtao</td></tr><tr><td>Title:</td><td>st-capsnet: linking spatial and temporal attention with capsule network for p300 detection improvement</td></tr><tr><td>Source:</td><td>ieee transactions on neural systems and rehabilitation engineering, 31, 991-1000</td></tr><tr><td>Year:</td><td>2023</td></tr></table>",https://doi.org/10.1109/tnsre.2023.3237319,-0.2476,-0.2273,4,209,335,53,4.7986,2023,53,4.7986
4859,kuang (2025),"<table><tr><td>Authors:</td><td>kuang, dongyang; song, xinyue; michoski, craig</td></tr><tr><td>Title:</td><td>parameter-efficient hierarchical spatio-temporal graph network with specialized label smoothing for qualitative eeg emotion recognition</td></tr><tr><td>Source:</td><td>neurocomputing, 655</td></tr><tr><td>Year:</td><td>2025</td></tr></table>",https://doi.org/10.1016/j.neucom.2025.131390,1.0922,-0.194,2,219,544,1,0.5003,2025,1,0.5003
4860,andreu-perez (2018),"<table><tr><td>Authors:</td><td>andreu-perez, javier; cao, fan; hagras, hani; yang, guang-zhong</td></tr><tr><td>Title:</td><td>a self-adaptive online brain-machine interface of a humanoid robot through a general type-2 fuzzy inference system</td></tr><tr><td>Source:</td><td>ieee transactions on fuzzy systems, 26(1), 101-116</td></tr><tr><td>Year:</td><td>2018</td></tr></table>",https://doi.org/10.1109/tfuzz.2016.2637403,-0.9119,-0.2463,1,224,460,76,3.5427,2018,76,3.5427
4863,zhou (2025b),"<table><tr><td>Authors:</td><td>zhou, yijin; li, fu; li, yang; ji, youshuo; zhang, lijian; chen, yuanfang; wang, huaning</td></tr><tr><td>Title:</td><td>enhancing cross-dataset eeg emotion recognition: a novel approach with emotional eeg style transfer network</td></tr><tr><td>Source:</td><td>ieee transactions on affective computing, 16(3), 2157-2171</td></tr><tr><td>Year:</td><td>2025</td></tr></table>",https://doi.org/10.1109/taffc.2025.3555439,1.0292,-0.2331,2,223,649,6,3.002,2025,6,3.002
4872,yang (2021c),"<table><tr><td>Authors:</td><td>yang, yi; gao, qiang; song, xiaolin; song, yu; mao, zemin; liu, junjie</td></tr><tr><td>Title:</td><td>facial expression and eeg fusion for investigating continuous emotions of deaf subjects</td></tr><tr><td>Source:</td><td>ieee sensors journal, 21(15), 16894-16903</td></tr><tr><td>Year:</td><td>2021</td></tr></table>",https://doi.org/10.1109/jsen.2021.3078087,1.0339,-0.0385,2,228,696,29,1.7078,2021,29,1.7078
4881,zhang (2015),"<table><tr><td>Authors:</td><td>zhang, yu; zhou, guoxu; jin, jing; wang, xingyu; cichocki, andrzej</td></tr><tr><td>Title:</td><td>optimizing spatial patterns with sparse filter bands for motor-imagery based brain-computer interface</td></tr><tr><td>Source:</td><td>journal of neuroscience methods, 255, 85-91</td></tr><tr><td>Year:</td><td>2015</td></tr></table>",https://doi.org/10.1016/j.jneumeth.2015.08.004,-0.958,-0.2227,1,210,463,227,9.6971,2015,227,9.6971
4882,zhao (2017),"<table><tr><td>Authors:</td><td>zhao, zhiyuan; yu, jiali; wu, yongqiang; li, juan; guo, hao; zhang, hongmiao; sun, lining</td></tr><tr><td>Title:</td><td>study of electroencephalogram feature extraction and classification of three tasks of motor imagery</td></tr><tr><td>Source:</td><td>2017 2nd international conference on advanced robotics and mechatronics, 492-497</td></tr><tr><td>Year:</td><td>2017</td></tr></table>",,-0.573,-0.0768,1,213,304,1,0.0311,2017,1,0.0311
4885,sepulveda (2021),"<table><tr><td>Authors:</td><td>sepulveda, axel; castillo, francisco; palma, carlos; rodriguez-fernandez, maria</td></tr><tr><td>Title:</td><td>emotion recognition from ecg signals using wavelet scattering and machine learning</td></tr><tr><td>Source:</td><td>applied sciences-basel, 11(11)</td></tr><tr><td>Year:</td><td>2021</td></tr></table>",https://doi.org/10.3390/app11114945,1.271,0.0211,2,135,305,64,3.769,2021,64,3.769
4887,varsehi (2021),"<table><tr><td>Authors:</td><td>varsehi, hesam; firoozabadi, s. mohammad p.</td></tr><tr><td>Title:</td><td>an eeg channel selection method for motor imagery based brain-computer interface and neurofeedback using granger causality</td></tr><tr><td>Source:</td><td>neural networks, 133, 193-206</td></tr><tr><td>Year:</td><td>2021</td></tr></table>",https://doi.org/10.1016/j.neunet.2020.11.002,-0.6089,-0.0935,1,244,446,98,5.7713,2021,98,5.7713
4894,val-calvo (2019),"<table><tr><td>Authors:</td><td>val-calvo, mikel; alvarez-sanchez, jose r.; ferrandez-vicente, jose m.; fernandez, eduardo</td></tr><tr><td>Title:</td><td>optimization of real-time eeg artifact removal and emotion estimation for human-robot interaction applications</td></tr><tr><td>Source:</td><td>frontiers in computational neuroscience, 13</td></tr><tr><td>Year:</td><td>2019</td></tr></table>",https://doi.org/10.3389/fncom.2019.00080,1.0591,-0.0587,2,177,350,30,1.4256,2019,30,1.4256
4898,meng (2013),"<table><tr><td>Authors:</td><td>meng, jianjun; huang, gan; zhang, dingguo; zhu, xiangyang</td></tr><tr><td>Title:</td><td>optimizing spatial spectral patterns jointly with channel configuration for brain-computer interface</td></tr><tr><td>Source:</td><td>neurocomputing, 104, 115-126</td></tr><tr><td>Year:</td><td>2013</td></tr></table>",https://doi.org/10.1016/j.neucom.2012.11.004,-0.9206,-0.2972,1,237,669,30,1.275,2013,30,1.275
4899,xue (2022),"<table><tr><td>Authors:</td><td>xue, jingyi; wang, jinqin; hu, shiang; bi, ning; lv, zhao</td></tr><tr><td>Title:</td><td>ovpd: odor-video elicited physiological signal database for emotion recognition</td></tr><tr><td>Source:</td><td>ieee transactions on instrumentation and measurement, 71</td></tr><tr><td>Year:</td><td>2022</td></tr></table>",https://doi.org/10.1109/tim.2022.3149116,1.2743,-0.0102,2,179,593,20,1.3983,2022,20,1.3983
4904,zhang (2023d),"<table><tr><td>Authors:</td><td>zhang, yulin; zhao, guozhen; shu, yezhi; ge, yan; zhang, dan; liu, yong-jin; sun, xianghong</td></tr><tr><td>Title:</td><td>cped: a chinese positive emotion database for emotion elicitation and analysis</td></tr><tr><td>Source:</td><td>ieee transactions on affective computing, 14(2), 1417-1430</td></tr><tr><td>Year:</td><td>2023</td></tr></table>",https://doi.org/10.1109/taffc.2021.3088523,0.9345,0.0571,2,210,433,11,0.9959,2023,11,0.9959
4908,dai (2018),"<table><tr><td>Authors:</td><td>dai, yixiang; wang, xue; zhang, pengbo; zhang, weihang; chen, junfeng</td></tr><tr><td>Title:</td><td>sparsity constrained differential evolution enabled feature-channel-sample hybrid selection for daily-life eeg emotion recognition</td></tr><tr><td>Source:</td><td>multimedia tools and applications, 77(17), 21967-21994</td></tr><tr><td>Year:</td><td>2018</td></tr></table>",https://doi.org/10.1007/s11042-018-5618-0,0.9543,0.0351,2,164,326,13,0.606,2018,13,0.606
4909,wan (2022),"<table><tr><td>Authors:</td><td>wan, zitong; yang, rui; huang, mengjie; alsaadi, fuad e.; sheikh, muntasir m.; wang, zidong</td></tr><tr><td>Title:</td><td>segment alignment based cross-subject motor imagery classification under fading data</td></tr><tr><td>Source:</td><td>computers in biology and medicine, 151</td></tr><tr><td>Year:</td><td>2022</td></tr></table>",https://doi.org/10.1016/j.compbiomed.2022.106267,-0.7682,-0.4059,1,223,522,4,0.2797,2022,4,0.2797
4912,kainolda (2021),"<table><tr><td>Authors:</td><td>kainolda, yassawe; abibullaev, berdakh; sameni, reza; zollanvari, amin</td></tr><tr><td>Title:</td><td>is riemannian geometry better than euclidean in averaging covariance matrices for csp-based subject-independent classification of motor imagery?</td></tr><tr><td>Source:</td><td>2021 43rd annual international conference of the ieee engineering in, 910-914</td></tr><tr><td>Year:</td><td>2021</td></tr></table>",https://doi.org/10.1109/embc46164.2021.9629816,-0.7914,-0.3649,1,202,364,6,0.3533,2021,6,0.3533
4920,wang (2021),"<table><tr><td>Authors:</td><td>wang, li; yan, zhenxiong; liu, yanjun; hu, linchun</td></tr><tr><td>Title:</td><td>analysis and application of functional connectivity in synchronic hybrid mental tasks for brain-computer interface</td></tr><tr><td>Source:</td><td>measurement, 186</td></tr><tr><td>Year:</td><td>2021</td></tr></table>",https://doi.org/10.1016/j.measurement.2021.110116,-0.4865,-0.1258,1,239,370,4,0.2356,2021,4,0.2356
4921,jia (2017),"<table><tr><td>Authors:</td><td>jia, jian; goparaju, balaji; song, jiangling; zhang, rui; westover, m. brandon</td></tr><tr><td>Title:</td><td>automated identification of epileptic seizures in eeg signals based on phase space representation and statistical features in the ceemd domain</td></tr><tr><td>Source:</td><td>biomedical signal processing and control, 38, 148-157</td></tr><tr><td>Year:</td><td>2017</td></tr></table>",https://doi.org/10.1016/j.bspc.2017.05.015,-0.3229,0.8041,3,105,281,39,1.2122,2017,39,1.2122
4929,kanoga (2016),"<table><tr><td>Authors:</td><td>kanoga, suguru; nakanishi, masaki; mitsukura, yasue</td></tr><tr><td>Title:</td><td>assessing the effects of voluntary and involuntary eyeblinks in independent components of electroencephalogram</td></tr><tr><td>Source:</td><td>neurocomputing, 193, 20-32</td></tr><tr><td>Year:</td><td>2016</td></tr></table>",https://doi.org/10.1016/j.neucom.2016.01.057,-0.3454,0.0026,1,178,230,29,1.3068,2016,29,1.3068
4932,li (2025f),"<table><tr><td>Authors:</td><td>li, dongdong; zeng, zhongliang; huang, nan; wang, zhe; yang, hai</td></tr><tr><td>Title:</td><td>brain topographic map: a visual feature for multi-view fusion design in eeg-based biometrics</td></tr><tr><td>Source:</td><td>digital signal processing, 164</td></tr><tr><td>Year:</td><td>2025</td></tr></table>",https://doi.org/10.1016/j.dsp.2025.105251,0.3738,-0.0829,4,216,310,3,1.501,2025,3,1.501
4933,pang (2024),"<table><tr><td>Authors:</td><td>pang, miaoqi; wang, hongtao; huang, jiayang; vong, chi-man; zeng, zhiqiang; chen, chuangquan</td></tr><tr><td>Title:</td><td>multi-scale masked autoencoders for cross-session emotion recognition</td></tr><tr><td>Source:</td><td>ieee transactions on neural systems and rehabilitation engineering, 32, 1637-1646</td></tr><tr><td>Year:</td><td>2024</td></tr></table>",https://doi.org/10.1109/tnsre.2024.3389037,1.1633,-0.1763,2,182,530,29,5.4158,2024,29,5.4158
4942,sorinas (2023),"<table><tr><td>Authors:</td><td>sorinas, jennifer; troyano, juan c. fernandez; ferrandez, jose manuel; fernandez, eduardo</td></tr><tr><td>Title:</td><td>unraveling the development of an algorithm for recognizing primary emotions through electroencephalography</td></tr><tr><td>Source:</td><td>international journal of neural systems, 33(01)</td></tr><tr><td>Year:</td><td>2023</td></tr></table>",https://doi.org/10.1142/s0129065722500575,0.3146,-0.0006,2,297,479,6,0.5432,2023,6,0.5432
4953,gull (2017),"<table><tr><td>Authors:</td><td>gull, muhammad ahsan.; elahi, hassan.; marwae, mohsin.; waqar, saad</td></tr><tr><td>Title:</td><td>a new approach to classification of upper limb and wrist movements using eeg signals</td></tr><tr><td>Source:</td><td>2017 13th iasted international conference on biomedical engineering, 181-194</td></tr><tr><td>Year:</td><td>2017</td></tr></table>",https://doi.org/10.2316/p.2017.852-049,-0.7817,-0.0801,1,162,260,12,0.373,2017,12,0.373
4962,xia (2022),"<table><tr><td>Authors:</td><td>xia, kun; deng, lingfei; duch, wlodzislaw; wu, dongrui</td></tr><tr><td>Title:</td><td>privacy-preserving domain adaptation for motor imagery-based brain-computer interfaces</td></tr><tr><td>Source:</td><td>ieee transactions on biomedical engineering, 69(11), 3365-3376</td></tr><tr><td>Year:</td><td>2022</td></tr></table>",https://doi.org/10.1109/tbme.2022.3168570,-0.1712,-0.3461,4,277,637,59,4.125,2022,59,4.125
4971,wang (2020a),"<table><tr><td>Authors:</td><td>wang, fei; xu, zongfeng; zhang, weiwei; wu, shichao; zhang, yahui; ping, jingyu; wu, chengdong</td></tr><tr><td>Title:</td><td>motor imagery classification using geodesic filtering common spatial pattern and filter-bank feature weighted support vector machine</td></tr><tr><td>Source:</td><td>review of scientific instruments, 91(3)</td></tr><tr><td>Year:</td><td>2020</td></tr></table>",https://doi.org/10.1063/1.5142343,-0.7481,-0.3372,1,203,438,16,0.6338,2020,16,0.6338
4977,saini (2022),"<table><tr><td>Authors:</td><td>saini, navjot; bhardwaj, saurabh; agarwal, ravinder</td></tr><tr><td>Title:</td><td>an intelligent approach of measurement and uncertainty estimation for hidden information detection using brain signals</td></tr><tr><td>Source:</td><td>mapan-journal of metrology society of india, 37(1), 81-95</td></tr><tr><td>Year:</td><td>2022</td></tr></table>",https://doi.org/10.1007/s12647-021-00493-7,-0.248,0.4704,3,135,201,3,0.2097,2022,3,0.2097
4983,ali (2022),"<table><tr><td>Authors:</td><td>ali, omair; saif-ur-rehman, muhammad; dyck, susanne; glasmachers, tobias; iossifidis, ioannis; klaes, christian</td></tr><tr><td>Title:</td><td>enhancing the decoding accuracy of eeg signals by the introduction of anchored-stft and adversarial data augmentation method</td></tr><tr><td>Source:</td><td>scientific reports, 12(1)</td></tr><tr><td>Year:</td><td>2022</td></tr></table>",https://doi.org/10.1038/s41598-022-07992-w,-0.4655,-0.2996,1,278,592,33,2.3072,2022,33,2.3072
4987,hwang (2022),"<table><tr><td>Authors:</td><td>hwang, woo-hyun; kang, dong-hyun; kim, deok-hwan</td></tr><tr><td>Title:</td><td>brain lateralisation feature extraction and ant colony optimisation-bidirectional lstm network model for emotion recognition</td></tr><tr><td>Source:</td><td>iet signal processing, 16(1), 45-61</td></tr><tr><td>Year:</td><td>2022</td></tr></table>",https://doi.org/10.1049/sil2.12076,1.0653,0.1016,2,158,313,12,0.839,2022,12,0.839
4996,liu (2013b),"<table><tr><td>Authors:</td><td>liu, yi-hung; huang, chun-wei; hsiao, yu-tsung</td></tr><tr><td>Title:</td><td>controlling the false positive rate of a two-state self-paced brain-computer interface</td></tr><tr><td>Source:</td><td>2013 ieee international conference on systems, man, and cybernetics (smc, 1476-1481</td></tr><tr><td>Year:</td><td>2013</td></tr></table>",https://doi.org/10.1109/smc.2013.255,-0.907,-0.1287,1,177,257,2,0.085,2013,2,0.085
5001,li (2023b),"<table><tr><td>Authors:</td><td>li, wei; hou, bowen; shao, shitong; huan, wei; tian, ye</td></tr><tr><td>Title:</td><td>spatial-temporal constraint learning for cross-subject eeg-based emotion recognition</td></tr><tr><td>Source:</td><td>2023 international joint conference on neural networks, ijcnn</td></tr><tr><td>Year:</td><td>2023</td></tr></table>",https://doi.org/10.1109/ijcnn54540.2023.10192009,1.2802,-0.1693,2,187,519,0,0,2023,0,0
5002,thomas (2017),"<table><tr><td>Authors:</td><td>thomas, kavitha p.; robinson, neethu; vinod, a. p.</td></tr><tr><td>Title:</td><td>eeg-based motor imagery classification using subject-specific spatio-spectral features</td></tr><tr><td>Source:</td><td>2017 ieee international conference on systems, man, and cybernetics, 2302-2307</td></tr><tr><td>Year:</td><td>2017</td></tr></table>",,-0.7181,-0.0917,1,233,401,8,0.2487,2017,8,0.2487
5004,raghu (2020),"<table><tr><td>Authors:</td><td>raghu, s.; sriraam, natarajan; rao, shyam vasudeva; hegde, alangar sathyaranjan; kubben, pieter l.</td></tr><tr><td>Title:</td><td>automated detection of epileptic seizures using successive decomposition index and support vector machine classifier in long-term eeg</td></tr><tr><td>Source:</td><td>neural computing & applications, 32(13), 8965-8984</td></tr><tr><td>Year:</td><td>2020</td></tr></table>",https://doi.org/10.1007/s00521-019-04389-1,-0.2461,0.686,3,154,332,46,1.8221,2020,46,1.8221
5014,arnau-gonzalez (2021),"<table><tr><td>Authors:</td><td>arnau-gonzalez, pablo; arevalillo-herraez, miguel; katsigiannis, stamos; ramzan, naeem</td></tr><tr><td>Title:</td><td>on the influence of affect in eeg-based subject identification</td></tr><tr><td>Source:</td><td>ieee transactions on affective computing, 12(2), 391-401</td></tr><tr><td>Year:</td><td>2021</td></tr></table>",https://doi.org/10.1109/taffc.2018.2877986,1.0363,0.0591,2,200,437,43,2.5323,2021,43,2.5323
5015,shahtalebi (2018),"<table><tr><td>Authors:</td><td>shahtalebi, soroosh; mohammadi, arash</td></tr><tr><td>Title:</td><td>bayesian optimized spectral filters coupled with ternary ecoc for single-trial eeg classification</td></tr><tr><td>Source:</td><td>ieee transactions on neural systems and rehabilitation engineering, 26(12), 2249-2259</td></tr><tr><td>Year:</td><td>2018</td></tr></table>",https://doi.org/10.1109/tnsre.2018.2877987,-0.8388,-0.3532,1,210,388,15,0.6992,2018,15,0.6992
5018,uehara (2017),"<table><tr><td>Authors:</td><td>uehara, takashi; sartori, matteo; tanaka, toshihisa; fiori, simone</td></tr><tr><td>Title:</td><td>robust averaging of covariances for eeg recordings classification in motor imagery brain-computer interfaces</td></tr><tr><td>Source:</td><td>neural computation, 29(6), 1631-1666</td></tr><tr><td>Year:</td><td>2017</td></tr></table>",https://doi.org/10.1162/neco_a_00963,-0.8537,-0.2968,1,218,469,15,0.4662,2017,15,0.4662
5024,zhang (2011),"<table><tr><td>Authors:</td><td>zhang, haihong; liyanage, sidath ravindra; wang, chuanchu; guan, cuntai</td></tr><tr><td>Title:</td><td>learning from feedback training data at a self-paced brain-computer interface</td></tr><tr><td>Source:</td><td>journal of neural engineering, 8(4)</td></tr><tr><td>Year:</td><td>2011</td></tr></table>",https://doi.org/10.1088/1741-2560/8/4/046035,-0.9668,-0.2881,1,231,603,3,0.0766,2011,3,0.0766
5026,delisle-rodriguez (2019),"<table><tr><td>Authors:</td><td>delisle-rodriguez, denis; cardoso, vivianne; gurve, dharmendra; loterio, flavia; romero-laiseca, maria alejandra; krishnan, sridhar; bastos-filho, teodiano</td></tr><tr><td>Title:</td><td>system based on subject-specific bands to recognize pedaling motor imagery: towards a bci for lower-limb rehabilitation</td></tr><tr><td>Source:</td><td>journal of neural engineering, 16(5)</td></tr><tr><td>Year:</td><td>2019</td></tr></table>",https://doi.org/10.1088/1741-2552/ab08c8,-0.8748,-0.1773,1,185,325,30,1.4256,2019,30,1.4256
5040,ma (2025b),"<table><tr><td>Authors:</td><td>ma, fengbin; guo, zhifen</td></tr><tr><td>Title:</td><td>modality-cooperative perception and efficient dynamic modeling for cross-modal emotion recognition</td></tr><tr><td>Source:</td><td>ieee sensors journal, 25(22), 41462-41471</td></tr><tr><td>Year:</td><td>2025</td></tr></table>",https://doi.org/10.1109/jsen.2025.3616247,1.1915,-0.1597,2,185,351,1,0.5003,2025,1,0.5003
5066,ma (2023),"<table><tr><td>Authors:</td><td>ma, rui; chen, yi-feng; jiang, yi-chuan; zhang, mingming</td></tr><tr><td>Title:</td><td>a new compound-limbs paradigm: integrating upper-limb swing improves lower-limb stepping intention decoding from eeg</td></tr><tr><td>Source:</td><td>ieee transactions on neural systems and rehabilitation engineering, 31, 3823-3834</td></tr><tr><td>Year:</td><td>2023</td></tr></table>",https://doi.org/10.1109/tnsre.2023.3315717,-0.5124,-0.1536,1,217,320,23,2.0824,2023,23,2.0824
5067,xiang (2026),"<table><tr><td>Authors:</td><td>xiang, fayang; zeng, hui; an, bing; lei, du; liu, feng; li, xinke</td></tr><tr><td>Title:</td><td>tscanet: a temporal and spatial cross-averaged network for eeg-based momentary emotion recognition</td></tr><tr><td>Source:</td><td>biomedical signal processing and control, 113</td></tr><tr><td>Year:</td><td>2026</td></tr></table>",https://doi.org/10.1016/j.bspc.2025.108968,0.9407,-0.1512,2,229,456,0,0,2026,0,0
5079,cai (2025),"<table><tr><td>Authors:</td><td>cai, mingchen; chen, c. l. philip; li, shuzhen; zhang, tong</td></tr><tr><td>Title:</td><td>label feature co-learning for facial and eeg emotion recognition</td></tr><tr><td>Source:</td><td>ieee transactions on affective computing, 16(4), 3421-3433</td></tr><tr><td>Year:</td><td>2025</td></tr></table>",https://doi.org/10.1109/taffc.2025.3600267,0.8942,-0.1181,2,206,333,0,0,2025,0,0
5087,acharya (2011),"<table><tr><td>Authors:</td><td>acharya, u. rajendra; sree, s. vinitha; suri, jasjit s.</td></tr><tr><td>Title:</td><td>automatic detection of epileptic eeg signals using higher order cumulant features</td></tr><tr><td>Source:</td><td>international journal of neural systems, 21(5), 403-414</td></tr><tr><td>Year:</td><td>2011</td></tr></table>",https://doi.org/10.1142/s0129065711002912,-0.4201,0.7833,3,95,348,163,4.1627,2011,163,4.1627
5090,xu (2024b),"<table><tr><td>Authors:</td><td>xu, hongxiang; pei, ziyi; han, qi; hou, mingyang; qian, xin; weng, tengfei; tian, yuan; qiu, zicheng; zhou, baobing</td></tr><tr><td>Title:</td><td>mastf-net: an eeg emotion recognition network based on multi-source domain adaptive method based on spatio-temporal image and frequency domain information</td></tr><tr><td>Source:</td><td>ieee access, 12, 8485-8501</td></tr><tr><td>Year:</td><td>2024</td></tr></table>",https://doi.org/10.1109/access.2024.3349552,1.0137,-0.1965,2,221,453,8,1.494,2024,8,1.494
5097,mu (2021),"<table><tr><td>Authors:</td><td>mu, jianwei; dai, lingyun; liu, jin-xing; shang, junliang; xu, fangzhou; liu, xiang; yuan, shasha</td></tr><tr><td>Title:</td><td>automatic detection for epileptic seizure using graph-regularized nonnegative matrix factorization and bayesian linear discriminate analysis</td></tr><tr><td>Source:</td><td>biocybernetics and biomedical engineering, 41(4), 1258-1271</td></tr><tr><td>Year:</td><td>2021</td></tr></table>",https://doi.org/10.1016/j.bbe.2021.08.009,-0.1855,0.5926,3,178,300,10,0.5889,2021,10,0.5889
5098,robinson (2013),"<table><tr><td>Authors:</td><td>robinson, neethu; guan, cuntai; vinod, a. p.; ang, kai keng; tee, keng peng</td></tr><tr><td>Title:</td><td>multi-class eeg classification of voluntary hand movement directions</td></tr><tr><td>Source:</td><td>journal of neural engineering, 10(5)</td></tr><tr><td>Year:</td><td>2013</td></tr></table>",https://doi.org/10.1088/1741-2560/10/5/056018,-0.842,-0.2333,1,218,391,57,2.4224,2013,57,2.4224
5101,aboalayon (2016),"<table><tr><td>Authors:</td><td>aboalayon, khald ali i.; faezipour, miad; almuhammadi, wafaa s.; moslehpour, saeid</td></tr><tr><td>Title:</td><td>sleep stage classification using eeg signal analysis: a comprehensive survey and new investigation</td></tr><tr><td>Source:</td><td>entropy, 18(9)</td></tr><tr><td>Year:</td><td>2016</td></tr></table>",https://doi.org/10.3390/e18090272,-0.2873,0.2801,3,75,136,248,11.1756,2016,248,11.1756
5103,ahmed (2023),"<table><tr><td>Authors:</td><td>ahmed, md. zaved iqubal; sinha, nidul; ghaderpour, ebrahim; phadikar, souvik; ghosh, rajdeep</td></tr><tr><td>Title:</td><td>a novel baseline removal paradigm for subject-independent features in emotion classification using eeg</td></tr><tr><td>Source:</td><td>bioengineering-basel, 10(1)</td></tr><tr><td>Year:</td><td>2023</td></tr></table>",https://doi.org/10.3390/bioengineering10010054,1.2654,-0.034,2,175,451,46,4.1648,2023,46,4.1648
5107,hussain (2019),"<table><tr><td>Authors:</td><td>hussain, lal; saeed, sharjil; idris, adnan; awan, imtiaz ahmed; shah, saeed arif; majid, abdul; ahmed, bilal; chaudhary, quratul-ain</td></tr><tr><td>Title:</td><td>regression analysis for detecting epileptic seizure with different feature extracting strategies</td></tr><tr><td>Source:</td><td>biomedical engineering-biomedizinische technik, 64(6), 619-642</td></tr><tr><td>Year:</td><td>2019</td></tr></table>",https://doi.org/10.1515/bmt-2018-0012,-0.3204,0.8896,3,111,540,15,0.7128,2019,15,0.7128
5112,jagadish (2019),"<table><tr><td>Authors:</td><td>jagadish, b.; mishra, p. k.; kiran, m. p. r. s.; rajalakshmi, p.</td></tr><tr><td>Title:</td><td>a real-time health 4.0 framework with novel feature extraction and classification for brain-controlled iot-enabled environments</td></tr><tr><td>Source:</td><td>neural computation, 31(10), 1915-1944</td></tr><tr><td>Year:</td><td>2019</td></tr></table>",https://doi.org/10.1162/neco_a_01223,-0.3126,-0.2804,4,220,363,3,0.1426,2019,3,0.1426
5116,netzer (2020),"<table><tr><td>Authors:</td><td>netzer, eitan; frid, alex; feldman, dan</td></tr><tr><td>Title:</td><td>real-time eeg classification via coresets for bci applications</td></tr><tr><td>Source:</td><td>engineering applications of artificial intelligence, 89</td></tr><tr><td>Year:</td><td>2020</td></tr></table>",https://doi.org/10.1016/j.engappai.2019.103455,-0.6244,-0.0841,1,253,443,27,1.0695,2020,27,1.0695
5122,amin (2020),"<table><tr><td>Authors:</td><td>amin, hafeez ullah; yusoff, mohd zuki; ahmad, rana fayyaz</td></tr><tr><td>Title:</td><td>a novel approach based on wavelet analysis and arithmetic coding for automated detection and diagnosis of epileptic seizure in eeg signals using machine learning techniques</td></tr><tr><td>Source:</td><td>biomedical signal processing and control, 56</td></tr><tr><td>Year:</td><td>2020</td></tr></table>",https://doi.org/10.1016/j.bspc.2019.101707,-0.3174,0.8565,3,123,496,75,2.9708,2020,75,2.9708
5124,pham (2023),"<table><tr><td>Authors:</td><td>pham, tuan d.</td></tr><tr><td>Title:</td><td>classification of motor-imagery tasks using a large eeg dataset by fusing classifiers learning on wavelet-scattering features</td></tr><tr><td>Source:</td><td>ieee transactions on neural systems and rehabilitation engineering, 31, 1097-1107</td></tr><tr><td>Year:</td><td>2023</td></tr></table>",https://doi.org/10.1109/tnsre.2023.3241241,-0.4389,-0.3022,1,263,489,20,1.8108,2023,20,1.8108
5127,wang (2020b),"<table><tr><td>Authors:</td><td>wang, li; huang, weijian; yang, zhao; hu, xiao; zhang, chun</td></tr><tr><td>Title:</td><td>a method from offline analysis to online training for the brain-computer interface based on motor imagery and speech imagery</td></tr><tr><td>Source:</td><td>biomedical signal processing and control, 62</td></tr><tr><td>Year:</td><td>2020</td></tr></table>",https://doi.org/10.1016/j.bspc.2020.102100,-0.4115,-0.0783,1,189,295,11,0.4357,2020,11,0.4357
5130,soleymanpour (2016),"<table><tr><td>Authors:</td><td>soleymanpour, rahim; arvaneh, mahnaz</td></tr><tr><td>Title:</td><td>entropy-based eeg time interval selection for improving motor imagery classification</td></tr><tr><td>Source:</td><td>2016 ieee international conference on systems, man, and cybernetics, 4034-4039</td></tr><tr><td>Year:</td><td>2016</td></tr></table>",,-0.8268,-0.1426,1,246,514,6,0.2704,2016,6,0.2704
5132,li (2021c),"<table><tr><td>Authors:</td><td>li, dongdong; chai, bing; wang, zhe; yang, hai; du, wenli</td></tr><tr><td>Title:</td><td>eeg emotion recognition based on 3-d feature representation and dilated fully convolutional networks</td></tr><tr><td>Source:</td><td>ieee transactions on cognitive and developmental systems, 13(4), 885-897</td></tr><tr><td>Year:</td><td>2021</td></tr></table>",https://doi.org/10.1109/tcds.2021.3051465,1.3086,-0.0787,2,174,442,33,1.9434,2021,33,1.9434
5133,liu (2017b),"<table><tr><td>Authors:</td><td>liu, shaobo; sun, fuchun; zhang, wenchang; tan, chuanqi</td></tr><tr><td>Title:</td><td>motor imagery eeg classification using wavelet common spatial boosting pattern</td></tr><tr><td>Source:</td><td>5th international conference on advanced computer science applications, 118-124</td></tr><tr><td>Year:</td><td>2017</td></tr></table>",https://doi.org/10.23977/acsat.2017.1015,-0.7557,-0.3235,1,198,347,0,0,2017,0,0
5134,shen (2022a),"<table><tr><td>Authors:</td><td>shen, lili; sun, mingyang; li, qunxia; li, beichen; pan, zhaoqing; lei, jianjun</td></tr><tr><td>Title:</td><td>multiscale temporal self-attention and dynamical graph convolution hybrid network for eeg-based stereogram recognition</td></tr><tr><td>Source:</td><td>ieee transactions on neural systems and rehabilitation engineering, 30, 1191-1202</td></tr><tr><td>Year:</td><td>2022</td></tr></table>",https://doi.org/10.1109/tnsre.2022.3173724,0.4726,-0.2483,4,207,383,47,3.286,2022,47,3.286
5139,wang (2025a),"<table><tr><td>Authors:</td><td>wang, wenlong; qi, feifei; huang, weichen; li, yuanqing; yu, zhuliang; wu, wei</td></tr><tr><td>Title:</td><td>eeg-based cross-subject emotion recognition using sparse bayesian learning with enhanced covariance alignment</td></tr><tr><td>Source:</td><td>ieee transactions on affective computing, 16(2), 1190-1204</td></tr><tr><td>Year:</td><td>2025</td></tr></table>",https://doi.org/10.1109/taffc.2024.3497897,1.2029,-0.2575,2,191,627,3,1.501,2025,3,1.501
5148,wang (2019),"<table><tr><td>Authors:</td><td>wang, hongtao; wu, cong; li, ting; he, yuebang; chen, peng; bezerianos, anastasios</td></tr><tr><td>Title:</td><td>driving fatigue classification based on fusion entropy analysis combining eog and eeg</td></tr><tr><td>Source:</td><td>ieee access, 7, 61975-61986</td></tr><tr><td>Year:</td><td>2019</td></tr></table>",https://doi.org/10.1109/access.2019.2915533,-0.1475,0.3212,3,127,187,85,4.0392,2019,85,4.0392
5155,li (2022a),"<table><tr><td>Authors:</td><td>li, jia wen; chen, rong jun; barma, shovan; chen, fei; pun, sio hang; mak, peng un; wang, lei jun; zeng, xian xian; ren, jin chang; zhao, hui min</td></tr><tr><td>Title:</td><td>an approach to emotion recognition using brain rhythm sequencing and asymmetric features</td></tr><tr><td>Source:</td><td>cognitive computation, 14(6), 2260-2273</td></tr><tr><td>Year:</td><td>2022</td></tr></table>",https://doi.org/10.1007/s12559-022-10053-z,0.8464,-0.0188,2,230,435,4,0.2797,2022,4,0.2797
5158,tan (2016),"<table><tr><td>Authors:</td><td>tan, chuanqi; sun, fuchun; zhang, wenchang; liu, shaobo</td></tr><tr><td>Title:</td><td>a synchronous and closed-loop architecture of bci-based rehabilitation system for stroke with robot and virtual reality</td></tr><tr><td>Source:</td><td>proceedings of the 2016 2nd international conference on artificial, 133, 162-165</td></tr><tr><td>Year:</td><td>2016</td></tr></table>",,-0.9339,-0.1724,1,193,292,2,0.0901,2016,2,0.0901
5160,rodriguez-bermudez (2013),"<table><tr><td>Authors:</td><td>rodriguez-bermudez, german; garcia-laencina, pedro j.; roca-dorda, joaquin</td></tr><tr><td>Title:</td><td>efficient automatic selection and combination of eeg features in least squares classifiers for motor imagery brain-computer interfaces</td></tr><tr><td>Source:</td><td>international journal of neural systems, 23(4)</td></tr><tr><td>Year:</td><td>2013</td></tr></table>",https://doi.org/10.1142/s0129065713500159,-0.6813,0.2288,1,244,546,49,2.0825,2013,49,2.0825
5162,jiang (2022),"<table><tr><td>Authors:</td><td>jiang, qin; zhang, yi; zheng, kai</td></tr><tr><td>Title:</td><td>motor imagery classification via kernel-based domain adaptation on an spd manifold</td></tr><tr><td>Source:</td><td>brain sciences, 12(5)</td></tr><tr><td>Year:</td><td>2022</td></tr></table>",https://doi.org/10.3390/brainsci12050659,-0.2709,-0.3754,1,190,357,13,0.9089,2022,13,0.9089
5163,yang (2024b),"<table><tr><td>Authors:</td><td>yang, yi; wang, ze; tao, wei; liu, xucheng; jia, ziyu; wang, boyu; wan, feng</td></tr><tr><td>Title:</td><td>spectral-spatial attention alignment for multi-source domain adaptation in eeg-based emotion recognition</td></tr><tr><td>Source:</td><td>ieee transactions on affective computing, 15(4), 2012-2024</td></tr><tr><td>Year:</td><td>2024</td></tr></table>",https://doi.org/10.1109/taffc.2024.3394436,1.3004,-0.1767,2,193,692,32,5.976,2024,32,5.976
5176,ficici (2022),"<table><tr><td>Authors:</td><td>ficici, cansel; telatar, ziya; erogul, osman</td></tr><tr><td>Title:</td><td>automated temporal lobe epilepsy and psychogenic nonepileptic seizure patient discrimination from multichannel eeg recordings using dwt based analysis</td></tr><tr><td>Source:</td><td>biomedical signal processing and control, 77</td></tr><tr><td>Year:</td><td>2022</td></tr></table>",https://doi.org/10.1016/j.bspc.2022.103755,-0.1649,0.526,3,156,205,12,0.839,2022,12,0.839
5177,gohumpu (2023),"<table><tr><td>Authors:</td><td>gohumpu, jennifer; xue, mengru; bao, yanchi</td></tr><tr><td>Title:</td><td>emotion recognition with multi-modal peripheral physiological signals</td></tr><tr><td>Source:</td><td>frontiers in computer science, 5</td></tr><tr><td>Year:</td><td>2023</td></tr></table>",https://doi.org/10.3389/fcomp.2023.1264713,1.3198,-0.0328,2,163,364,14,1.2675,2023,14,1.2675
5181,wang (2023c),"<table><tr><td>Authors:</td><td>wang, jiaqi; chen, wanzhong; li, mingyang</td></tr><tr><td>Title:</td><td>a multi-classification algorithm based on multi-domain information fusion for motor imagery bci</td></tr><tr><td>Source:</td><td>biomedical signal processing and control, 79</td></tr><tr><td>Year:</td><td>2023</td></tr></table>",https://doi.org/10.1016/j.bspc.2022.104252,-0.6948,-0.2845,1,246,515,11,0.9959,2023,11,0.9959
5183,yu (2024),"<table><tr><td>Authors:</td><td>yu, feng; yu, chenyu; tian, zhangyuan; liu, xiaoxiao; cao, jiacheng; liu, li; du, chenghu; jiang, minghua</td></tr><tr><td>Title:</td><td>intelligent wearable system with motion and emotion recognition based on digital twin technology</td></tr><tr><td>Source:</td><td>ieee internet of things journal, 11(15), 26314-26328</td></tr><tr><td>Year:</td><td>2024</td></tr></table>",https://doi.org/10.1109/jiot.2024.3394244,0.7888,0.001,2,188,262,49,9.1508,2024,49,9.1508
5189,wang (2022b),"<table><tr><td>Authors:</td><td>wang, zhe; wang, yongxiong; hu, chuanfei; yin, zhong; song, yu</td></tr><tr><td>Title:</td><td>transformers for eeg-based emotion recognition: a hierarchical spatial information learning model</td></tr><tr><td>Source:</td><td>ieee sensors journal, 22(5), 4359-4368</td></tr><tr><td>Year:</td><td>2022</td></tr></table>",https://doi.org/10.1109/jsen.2022.3144317,0.8495,-0.0387,2,218,442,172,12.0255,2022,172,12.0255
5194,jin (2025b),"<table><tr><td>Authors:</td><td>jin, luyao; song, yonghao; zhao, huan; cao, junyi; cheung, vincent c. k.; liao, wei-hsin</td></tr><tr><td>Title:</td><td>frequency-aware spatial-temporal attention explainable network for eeg decoding</td></tr><tr><td>Source:</td><td>ieee journal of biomedical and health informatics, 29(10), 7175-7185</td></tr><tr><td>Year:</td><td>2025</td></tr></table>",https://doi.org/10.1109/jbhi.2025.3576088,0.5277,-0.2872,2,272,510,4,2.0013,2025,4,2.0013
5195,alotaiby (2015),"<table><tr><td>Authors:</td><td>alotaiby, turky; abd el-samie, fathi e.; alshebeili, saleh a.; ahmad, ishtiaq</td></tr><tr><td>Title:</td><td>a review of channel selection algorithms for eeg signal processing</td></tr><tr><td>Source:</td><td>eurasip journal on advances in signal processing</td></tr><tr><td>Year:</td><td>2015</td></tr></table>",https://doi.org/10.1186/s13634-015-0251-9,-0.4603,0.1583,1,213,296,327,13.9689,2015,327,13.9689
5198,delvigne (2022),"<table><tr><td>Authors:</td><td>delvigne, victor; wannous, hazem; vandeborre, jean-philippe; ris, laurence; dutoit, thierry</td></tr><tr><td>Title:</td><td>spatio-temporal analysis of transformer based architecture for attention estimation from eeg</td></tr><tr><td>Source:</td><td>2022 26th international conference on pattern recognition (icpr), 1076-1082</td></tr><tr><td>Year:</td><td>2022</td></tr></table>",https://doi.org/10.1109/icpr56361.2022.9956610,0.1867,-0.1147,4,218,309,8,0.5593,2022,8,0.5593
5202,shenoy (2015),"<table><tr><td>Authors:</td><td>shenoy, h. vikram; vinod, a. p.; guan, cuntai</td></tr><tr><td>Title:</td><td>shrinkage estimator based regularization for eeg motor imagery classification</td></tr><tr><td>Source:</td><td>2015 10th international conference on information, communications and</td></tr><tr><td>Year:</td><td>2015</td></tr></table>",,-0.6275,-0.1681,1,249,474,18,0.7689,2015,18,0.7689
5217,feng (2022),"<table><tr><td>Authors:</td><td>feng, zhao; sun, yi; qian, linze; qi, yu; wang, yueming; guan, cuntai; sun, yu</td></tr><tr><td>Title:</td><td>design a novel bci for neurorehabilitation using concurrent lfp and eeg features: a case study</td></tr><tr><td>Source:</td><td>ieee transactions on biomedical engineering, 69(5), 1554-1563</td></tr><tr><td>Year:</td><td>2022</td></tr></table>",https://doi.org/10.1109/tbme.2021.3115799,-0.5904,-0.2695,1,268,624,26,1.8178,2022,26,1.8178
5221,mao (2017),"<table><tr><td>Authors:</td><td>mao, xiaoqian; li, mengfan; li, wei; niu, linwei; xian, bin; zeng, ming; chen, genshe</td></tr><tr><td>Title:</td><td>progress in eeg-based brain robot interaction systems</td></tr><tr><td>Source:</td><td>computational intelligence and neuroscience, 2017</td></tr><tr><td>Year:</td><td>2017</td></tr></table>",https://doi.org/10.1155/2017/1742862,-0.7282,-0.0181,1,245,594,53,1.6474,2017,53,1.6474
5225,luo (2025b),"<table><tr><td>Authors:</td><td>luo, jing; li, jundong; mao, qi; liu, yu; yan, wenyao; xue, yanmin; shi, zhenghao; hei, xinhong</td></tr><tr><td>Title:</td><td>mcddt: mirror center loss-based dual-scale dual-softmax transformer for multisource subjects transfer learning in motor imagery recognition</td></tr><tr><td>Source:</td><td>ieee transactions on instrumentation and measurement, 74</td></tr><tr><td>Year:</td><td>2025</td></tr></table>",https://doi.org/10.1109/tim.2025.3598395,-0.1286,-0.3306,4,224,450,3,1.501,2025,3,1.501
5252,zhang (2025b),"<table><tr><td>Authors:</td><td>zhang, shaorong; lu, zhongwei; zhang, benxin; zhang, yong; liang, zhen; zhang, li; li, linling; huang, gan; zhang, zhiguo; li, zhi</td></tr><tr><td>Title:</td><td>graph-based feature learning methods for subject-dependent and subject-independent motor imagery eeg decoding</td></tr><tr><td>Source:</td><td>cognitive neurodynamics, 19(1)</td></tr><tr><td>Year:</td><td>2025</td></tr></table>",https://doi.org/10.1007/s11571-025-10291-5,-0.4076,-0.3659,4,238,484,1,0.5003,2025,1,0.5003
5253,kumar (2017),"<table><tr><td>Authors:</td><td>kumar, s. udhaya; inbarani, h. hannah</td></tr><tr><td>Title:</td><td>pso-based feature selection and neighborhood rough set-based classification for bci multiclass motor imagery task</td></tr><tr><td>Source:</td><td>neural computing & applications, 28(11), 3239-3258</td></tr><tr><td>Year:</td><td>2017</td></tr></table>",https://doi.org/10.1007/s00521-016-2236-5,-0.7069,0.0772,1,255,440,83,2.5798,2017,83,2.5798
5255,zhang (2023e),"<table><tr><td>Authors:</td><td>zhang, yuzhe; liu, huan; zhang, dalin; chen, xuxu; qin, tao; zheng, qinghua</td></tr><tr><td>Title:</td><td>eeg-based emotion recognition with emotion localization via hierarchical self-attention</td></tr><tr><td>Source:</td><td>ieee transactions on affective computing, 14(3), 2458-2469</td></tr><tr><td>Year:</td><td>2023</td></tr></table>",https://doi.org/10.1109/taffc.2022.3145623,1.1055,-0.0505,2,211,627,67,6.0661,2023,67,6.0661
5256,haxel (2025),"<table><tr><td>Authors:</td><td>haxel, lisa; ahola, oskari; belardinelli, paolo; ermolova, maria; humaidan, dania; macke, jakob h.; ziemann, ulf</td></tr><tr><td>Title:</td><td>decoding motor excitability in tms using eeg-features: an exploratory machine learning approach</td></tr><tr><td>Source:</td><td>ieee transactions on neural systems and rehabilitation engineering, 33, 103-112</td></tr><tr><td>Year:</td><td>2025</td></tr></table>",https://doi.org/10.1109/tnsre.2024.3516393,0.0609,0.0992,3,157,207,7,3.5024,2025,7,3.5024
5259,yang (2026),"<table><tr><td>Authors:</td><td>yang, yikun; duan, lifei; hou, kechen; kang, zhongfeng; zhang, xiaowei; hu, bin</td></tr><tr><td>Title:</td><td>fddgnet: an information bottleneck-inspired feature disentanglement network for cross-subject eeg-based emotion recognition</td></tr><tr><td>Source:</td><td>neurocomputing, 668</td></tr><tr><td>Year:</td><td>2026</td></tr></table>",https://doi.org/10.1016/j.neucom.2025.132368,0.9117,-0.2097,2,170,325,0,0,2026,0,0
5260,wang (2025b),"<table><tr><td>Authors:</td><td>wang, junhui; li, mingai</td></tr><tr><td>Title:</td><td>casce: a contrastive representation learning framework for motor imagery eeg-based unilateral upper limb decoding</td></tr><tr><td>Source:</td><td>ieee transactions on instrumentation and measurement, 74</td></tr><tr><td>Year:</td><td>2025</td></tr></table>",https://doi.org/10.1109/tim.2024.3500057,-0.0134,-0.2386,4,232,452,7,3.5024,2025,7,3.5024
5265,hou (2024),"<table><tr><td>Authors:</td><td>hou, fazheng; meng, wei; ma, li; chen, kun; ai, qingsong; liu, quan; xie, sheng q.</td></tr><tr><td>Title:</td><td>mecam: a novel multi-axis eeg channel attention model for emotion recognition</td></tr><tr><td>Source:</td><td>ieee transactions on instrumentation and measurement, 73</td></tr><tr><td>Year:</td><td>2024</td></tr></table>",https://doi.org/10.1109/tim.2024.3428607,1.292,-0.1398,2,178,447,10,1.8675,2024,10,1.8675
5267,chen (2022),"<table><tr><td>Authors:</td><td>chen, chuangquan; li, zhencheng; wan, feng; xu, leicai; bezerianos, anastasios; wang, hongtao</td></tr><tr><td>Title:</td><td>fusing frequency-domain features and brain connectivity features for cross-subject emotion recognition</td></tr><tr><td>Source:</td><td>ieee transactions on instrumentation and measurement, 71</td></tr><tr><td>Year:</td><td>2022</td></tr></table>",https://doi.org/10.1109/tim.2022.3168927,1.1372,-0.1735,2,171,420,93,6.5021,2022,93,6.5021
5271,tang (2023),"<table><tr><td>Authors:</td><td>tang, yiheng; wang, yongxiong; zhang, xiaoli; wang, zhe</td></tr><tr><td>Title:</td><td>stiln: a novel spatial-temporal information learning network for eeg-based emotion recognition</td></tr><tr><td>Source:</td><td>biomedical signal processing and control, 85</td></tr><tr><td>Year:</td><td>2023</td></tr></table>",https://doi.org/10.1016/j.bspc.2023.104999,0.6899,-0.1021,2,262,482,28,2.5351,2023,28,2.5351
5276,arnau-gonzalez (2017),"<table><tr><td>Authors:</td><td>arnau-gonzalez, pablo; arevalillo-herraez, miguel; ramzan, naeem</td></tr><tr><td>Title:</td><td>fusing highly dimensional energy and connectivity features to identify affective states from eeg signals</td></tr><tr><td>Source:</td><td>neurocomputing, 244, 81-89</td></tr><tr><td>Year:</td><td>2017</td></tr></table>",https://doi.org/10.1016/j.neucom.2017.03.027,0.9004,0.0689,2,176,305,67,2.0825,2017,67,2.0825
5279,mcdermott (2022),"<table><tr><td>Authors:</td><td>mcdermott, eric james; raggam, philipp; kirsch, sven; belardinelli, paolo; ziemann, ulf; zrenner, christoph</td></tr><tr><td>Title:</td><td>artifacts in eeg-based bci therapies: friend or foe?</td></tr><tr><td>Source:</td><td>sensors, 22(1)</td></tr><tr><td>Year:</td><td>2022</td></tr></table>",https://doi.org/10.3390/s22010096,-0.5345,-0.1547,1,220,335,15,1.0487,2022,15,1.0487
5286,zheng (2020),"<table><tr><td>Authors:</td><td>zheng, li; sun, sen; zhao, hongze; pei, weihua; chen, hongda; gao, xiaorong; zhang, lijian; wang, yijun</td></tr><tr><td>Title:</td><td>a cross-session dataset for collaborative brain-computer interfaces based on rapid serial visual presentation</td></tr><tr><td>Source:</td><td>frontiers in neuroscience, 14</td></tr><tr><td>Year:</td><td>2020</td></tr></table>",https://doi.org/10.3389/fnins.2020.579469,-0.7261,-0.1402,1,201,316,20,0.7922,2020,20,0.7922
5287,olcay (2023),"<table><tr><td>Authors:</td><td>olcay, b. orkan; karacali, bilge</td></tr><tr><td>Title:</td><td>time-resolved eeg signal analysis for motor imagery activity recognition</td></tr><tr><td>Source:</td><td>biomedical signal processing and control, 86</td></tr><tr><td>Year:</td><td>2023</td></tr></table>",https://doi.org/10.1016/j.bspc.2023.105179,-0.6358,-0.065,1,266,476,6,0.5432,2023,6,0.5432
5290,esfahani (2012),"<table><tr><td>Authors:</td><td>esfahani, ehsan tarkesh; sundararajan, v.</td></tr><tr><td>Title:</td><td>classification of primitive shapes using brain-computer interfaces</td></tr><tr><td>Source:</td><td>computer-aided design, 44(10), 1011-1019</td></tr><tr><td>Year:</td><td>2012</td></tr></table>",https://doi.org/10.1016/j.cad.2011.04.008,-0.2638,0.0075,1,190,250,59,1.6227,2012,59,1.6227
5293,zhang (2025c),"<table><tr><td>Authors:</td><td>zhang, lu; shi, hanwen; li, ziyi; zheng, wei-long; lu, bao-liang</td></tr><tr><td>Title:</td><td>multi-view self-supervised domain adaptation for eeg-based emotion recognition</td></tr><tr><td>Source:</td><td>ieee transactions on affective computing, 16(4), 3055-3066</td></tr><tr><td>Year:</td><td>2025</td></tr></table>",https://doi.org/10.1109/taffc.2025.3574868,1.1053,-0.2809,2,176,431,2,1.0007,2025,2,1.0007
5294,zhang (2026),"<table><tr><td>Authors:</td><td>zhang, meihong; zhao, shaokai; xie, liang; liu, tiejun; yao, dezhong; yin, erwei</td></tr><tr><td>Title:</td><td>self-supervised contrastive pre-training for eeg-based recognition via cross device representation consistency</td></tr><tr><td>Source:</td><td>ieee transactions on biomedical engineering, 73(5), 1705-1717</td></tr><tr><td>Year:</td><td>2026</td></tr></table>",https://doi.org/10.1109/tbme.2025.3613730,0.8604,-0.2761,2,203,424,0,0,2026,0,0
5328,balli (2026),"<table><tr><td>Authors:</td><td>balli, tugce; yetkin, e. fatih</td></tr><tr><td>Title:</td><td>improving motor imagery based bci through metric learning</td></tr><tr><td>Source:</td><td>biomedical signal processing and control, 122</td></tr><tr><td>Year:</td><td>2026</td></tr></table>",https://doi.org/10.1016/j.bspc.2026.110460,-0.5022,-0.2477,1,288,703,0,0,2026,0,0
5334,hosseini (2023),"<table><tr><td>Authors:</td><td>hosseini, seyyed moosa; shalchyan, vahid</td></tr><tr><td>Title:</td><td>state-based decoding of continuous hand movements using eeg signals</td></tr><tr><td>Source:</td><td>ieee access, 11, 42764-42778</td></tr><tr><td>Year:</td><td>2023</td></tr></table>",https://doi.org/10.1109/access.2023.3270803,-0.5467,-0.1938,1,211,302,13,1.177,2023,13,1.177
5337,hu (2025),"<table><tr><td>Authors:</td><td>hu, mengting; xu, dan; he, kangjian; zhao, kunyuan; zhang, hao</td></tr><tr><td>Title:</td><td>cross-subject emotion recognition with contrastive learning based on eeg signal correlations</td></tr><tr><td>Source:</td><td>biomedical signal processing and control, 104</td></tr><tr><td>Year:</td><td>2025</td></tr></table>",https://doi.org/10.1016/j.bspc.2025.107511,1.2154,-0.2426,2,175,492,9,4.503,2025,9,4.503
5342,peterson (2019),"<table><tr><td>Authors:</td><td>peterson, victoria; wyser, dominik; lambercy, olivier; spies, ruben; gassert, roger</td></tr><tr><td>Title:</td><td>a penalized time-frequency band feature selection and classification procedure for improved motor intention decoding in multichannel eeg</td></tr><tr><td>Source:</td><td>journal of neural engineering, 16(1)</td></tr><tr><td>Year:</td><td>2019</td></tr></table>",https://doi.org/10.1088/1741-2552/aaf046,-0.8975,-0.2743,1,238,586,43,2.0434,2019,43,2.0434
5345,zhou (2025c),"<table><tr><td>Authors:</td><td>zhou, yanhong; liu, xulong; wen, dong; xu, shuang; wan, xianglong; lu, huibin</td></tr><tr><td>Title:</td><td>spatial cognitive electroencephalogram network topological features extraction based on cross fuzzy entropy network graph</td></tr><tr><td>Source:</td><td>symmetry-basel, 17(2)</td></tr><tr><td>Year:</td><td>2025</td></tr></table>",https://doi.org/10.3390/sym17020243,-0.2186,-0.1031,1,225,278,3,1.501,2025,3,1.501
5346,savadkoohi (2020),"<table><tr><td>Authors:</td><td>savadkoohi, marzieh; oladunni, timothy; thompson, lara</td></tr><tr><td>Title:</td><td>a machine learning approach to epileptic seizure prediction using electroencephalogram (eeg) signal</td></tr><tr><td>Source:</td><td>biocybernetics and biomedical engineering, 40(3), 1328-1341</td></tr><tr><td>Year:</td><td>2020</td></tr></table>",https://doi.org/10.1016/j.bbe.2020.07.004,-0.2985,0.8092,3,106,244,93,3.6838,2020,93,3.6838
5352,li (2022b),"<table><tr><td>Authors:</td><td>li, dahua; yang, zhiyi; hou, fazheng; kang, qiaoju; liu, shuang; song, yu; gao, qiang; dong, enzeng</td></tr><tr><td>Title:</td><td>eeg-based emotion recognition with haptic vibration by a feature fusion method</td></tr><tr><td>Source:</td><td>ieee transactions on instrumentation and measurement, 71</td></tr><tr><td>Year:</td><td>2022</td></tr></table>",https://doi.org/10.1109/tim.2022.3147882,1.2737,-0.0454,2,175,515,17,1.1886,2022,17,1.1886
5353,moreno-alcayde (2024),"<table><tr><td>Authors:</td><td>moreno-alcayde, yoelvis; traver, v. javier; leiva, luis a.</td></tr><tr><td>Title:</td><td>sneaky emotions: impact of data partitions in affective computing experiments with brain-computer interfacing</td></tr><tr><td>Source:</td><td>biomedical engineering letters, 14(1), 103-113</td></tr><tr><td>Year:</td><td>2024</td></tr></table>",https://doi.org/10.1007/s13534-023-00316-5,1.0352,0.0254,2,176,307,6,1.1205,2024,6,1.1205
5391,piho (2020),"<table><tr><td>Authors:</td><td>piho, laura; tjahjadi, tardi</td></tr><tr><td>Title:</td><td>a mutual information based adaptive windowing of informative eeg for emotion recognition</td></tr><tr><td>Source:</td><td>ieee transactions on affective computing, 11(4), 722-735</td></tr><tr><td>Year:</td><td>2020</td></tr></table>",https://doi.org/10.1109/taffc.2018.2840973,0.5034,0.0679,2,257,565,77,3.05,2020,77,3.05
5404,zanetti (2022),"<table><tr><td>Authors:</td><td>zanetti, renato; arza, adriana; aminifar, amir; atienza, david</td></tr><tr><td>Title:</td><td>real-time eeg-based cognitive workload monitoring on wearable devices</td></tr><tr><td>Source:</td><td>ieee transactions on biomedical engineering, 69(1), 265-277</td></tr><tr><td>Year:</td><td>2022</td></tr></table>",https://doi.org/10.1109/tbme.2021.3092206,0.0736,0.169,3,146,181,55,3.8454,2022,55,3.8454
5431,ren (2019),"<table><tr><td>Authors:</td><td>ren, weijie; han, min</td></tr><tr><td>Title:</td><td>classification of eeg signals using hybrid feature extraction and ensemble extreme learning machine</td></tr><tr><td>Source:</td><td>neural processing letters, 50(2), 1281-1301</td></tr><tr><td>Year:</td><td>2019</td></tr></table>",https://doi.org/10.1007/s11063-018-9919-0,-0.3808,0.6906,3,158,358,17,0.8078,2019,17,0.8078
5443,sun (2010),"<table><tr><td>Authors:</td><td>sun, shiliang</td></tr><tr><td>Title:</td><td>extreme energy difference for feature extraction of eeg signals</td></tr><tr><td>Source:</td><td>expert systems with applications, 37(6), 4350-4357</td></tr><tr><td>Year:</td><td>2010</td></tr></table>",https://doi.org/10.1016/j.eswa.2009.11.064,-0.8029,0.0776,1,203,321,18,0.4895,2010,18,0.4895
5459,han (2013),"<table><tr><td>Authors:</td><td>han, renxiang; wei, qingguo</td></tr><tr><td>Title:</td><td>feature extraction by combining wavelet packet transform and common spatial pattern in brain-computer interfaces</td></tr><tr><td>Source:</td><td>measurement technology and its application, pts 1 and 2, 239-240, 974-979</td></tr><tr><td>Year:</td><td>2013</td></tr></table>",https://doi.org/10.4028/www.scientific.net/amm.239-240.974,-0.9875,-0.2247,1,179,295,6,0.255,2013,6,0.255
5476,samiee (2015),"<table><tr><td>Authors:</td><td>samiee, kaveh; kiranyaz, serkan; gabbouj, moncef; saramaki, tapio</td></tr><tr><td>Title:</td><td>long-term epileptic eeg classification via 2d mapping and textural features</td></tr><tr><td>Source:</td><td>expert systems with applications, 42(20), 7175-7185</td></tr><tr><td>Year:</td><td>2015</td></tr></table>",https://doi.org/10.1016/j.eswa.2015.05.002,-0.2148,0.6745,3,120,245,52,2.2214,2015,52,2.2214
5480,torres (2020),"<table><tr><td>Authors:</td><td>torres, edgar p.; torres, edgar a.; hernandez-alvarez, myriam; yoo, sang guun</td></tr><tr><td>Title:</td><td>eeg-based bci emotion recognition: a survey</td></tr><tr><td>Source:</td><td>sensors, 20(18)</td></tr><tr><td>Year:</td><td>2020</td></tr></table>",https://doi.org/10.3390/s20185083,0.8847,0.059,2,254,847,197,7.8033,2020,197,7.8033
5501,jebakumari (2020),"<table><tr><td>Authors:</td><td>jebakumari, v. sutha; saravanan, d. shanthi; devaraj, d.</td></tr><tr><td>Title:</td><td>seizure detection in egg signal with novel optimization algorithm for selecting optimal thresholded offset gaussian feature</td></tr><tr><td>Source:</td><td>biomedical signal processing and control, 56</td></tr><tr><td>Year:</td><td>2020</td></tr></table>",https://doi.org/10.1016/j.bspc.2019.101708,-0.2903,0.8548,3,108,353,10,0.3961,2020,10,0.3961
5512,xu (2014),"<table><tr><td>Authors:</td><td>xu, peng; liu, tiejun; zhang, rui; zhang, yangsong; yao, dezhong</td></tr><tr><td>Title:</td><td>using particle swarm to select frequency band and time interval for feature extraction of eeg based bci</td></tr><tr><td>Source:</td><td>biomedical signal processing and control, 10, 289-295</td></tr><tr><td>Year:</td><td>2014</td></tr></table>",https://doi.org/10.1016/j.bspc.2013.08.012,-0.9362,-0.2113,1,218,463,38,1.279,2014,38,1.279
5528,besharat (2025),"<table><tr><td>Authors:</td><td>besharat, amin; samadzadehaghdam, nasser</td></tr><tr><td>Title:</td><td>improving upper limb movement classification from eeg signals using enhanced regularized correlation-based common spatio-spectral patterns</td></tr><tr><td>Source:</td><td>ieee access, 13, 71432-71446</td></tr><tr><td>Year:</td><td>2025</td></tr></table>",https://doi.org/10.1109/access.2025.3563417,-0.2616,-0.2085,1,216,279,1,0.5003,2025,1,0.5003
5529,wang (2025c),"<table><tr><td>Authors:</td><td>wang, yujia; ju, xiangyu; sun, jianxiang; yu, yang; li, ming; hu, dewen</td></tr><tr><td>Title:</td><td>improved eegnet with a multilevel spatial feature extraction module for eeg decoding</td></tr><tr><td>Source:</td><td>ieee transactions on instrumentation and measurement, 74</td></tr><tr><td>Year:</td><td>2025</td></tr></table>",https://doi.org/10.1109/tim.2025.3551490,0.2575,-0.3163,4,161,298,1,0.5003,2025,1,0.5003
5533,jenke (2014),"<table><tr><td>Authors:</td><td>jenke, robert; peer, angelika; buss, martin</td></tr><tr><td>Title:</td><td>feature extraction and selection for emotion recognition from eeg</td></tr><tr><td>Source:</td><td>ieee transactions on affective computing, 5(3), 327-339</td></tr><tr><td>Year:</td><td>2014</td></tr></table>",https://doi.org/10.1109/taffc.2014.2339834,0.894,0.1131,2,180,414,781,26.2873,2014,781,26.2873
5535,zerafa (2018),"<table><tr><td>Authors:</td><td>zerafa, r.; camilleri, t.; falzon, o.; camilleri, k. p.</td></tr><tr><td>Title:</td><td>to train or not to train? a survey on training of feature extraction methods for ssvep-based bcis</td></tr><tr><td>Source:</td><td>journal of neural engineering, 15(5)</td></tr><tr><td>Year:</td><td>2018</td></tr></table>",https://doi.org/10.1088/1741-2552/aaca6e,-0.8222,-0.1322,1,116,175,142,6.6192,2018,142,6.6192
5536,moufassih (2022),"<table><tr><td>Authors:</td><td>moufassih, mustapha; tarahi, oussama; hamou, soukaina; agounad, said; azami, hafida idrissi</td></tr><tr><td>Title:</td><td>spectral feature extraction from eeg based motor imagery using common spatial patterns</td></tr><tr><td>Source:</td><td>2022 2nd international conference on innovative research in applied, 1017-1022</td></tr><tr><td>Year:</td><td>2022</td></tr></table>",,-0.8754,-0.2825,1,180,299,3,0.2097,2022,3,0.2097
5543,riaz (2016),"<table><tr><td>Authors:</td><td>riaz, farhan; hassan, ali; rehman, saad; niazi, imran khan; dremstrup, kim</td></tr><tr><td>Title:</td><td>emd-based temporal and spectral features for the classification of eeg signals using supervised learning</td></tr><tr><td>Source:</td><td>ieee transactions on neural systems and rehabilitation engineering, 24(1), 28-35</td></tr><tr><td>Year:</td><td>2016</td></tr></table>",https://doi.org/10.1109/tnsre.2015.2441835,-0.1949,0.6748,3,143,270,274,12.3472,2016,274,12.3472
5546,wang (2025d),"<table><tr><td>Authors:</td><td>wang, yilin; zhang, li; zhang, yan</td></tr><tr><td>Title:</td><td>band-level adaptive fusion network for cross-subject eeg emotion recognition</td></tr><tr><td>Source:</td><td>ieee transactions on instrumentation and measurement, 74</td></tr><tr><td>Year:</td><td>2025</td></tr></table>",https://doi.org/10.1109/tim.2025.3544334,1.3515,-0.2373,2,157,464,4,2.0013,2025,4,2.0013
5547,amin (2016),"<table><tr><td>Authors:</td><td>amin, hafeez ullah; malik, aamir saeed; kamel, nidal; hussain, muhammad</td></tr><tr><td>Title:</td><td>a novel approach based on data redundancy for feature extraction of eeg signals</td></tr><tr><td>Source:</td><td>brain topography, 29(2), 207-217</td></tr><tr><td>Year:</td><td>2016</td></tr></table>",https://doi.org/10.1007/s10548-015-0462-2,-0.3689,0.7313,3,139,323,38,1.7124,2016,38,1.7124
5551,krishna (2019),"<table><tr><td>Authors:</td><td>krishna, anala hari; sri, aravapalli bhavya; priyanka, kurakula yuva venkata sai; taran, sachin; bajaj, varun</td></tr><tr><td>Title:</td><td>emotion classification using eeg signals based on tunable-q wavelet transform</td></tr><tr><td>Source:</td><td>iet science measurement & technology, 13(3), 375-380</td></tr><tr><td>Year:</td><td>2019</td></tr></table>",https://doi.org/10.1049/iet-smt.2018.5237,1.0629,0.1398,2,160,360,44,2.0909,2019,44,2.0909
5554,zaitcev (2015),"<table><tr><td>Authors:</td><td>zaitcev, aleksandr; cook, greg; liu, wei; paley, martyn; milne, elizabeth</td></tr><tr><td>Title:</td><td>feature extraction for bcis based on electromagnetic source localization and common spatial patterns</td></tr><tr><td>Source:</td><td>2015 9th european conference on antennas and propagation (eucap)</td></tr><tr><td>Year:</td><td>2015</td></tr></table>",,-0.8939,-0.207,1,204,380,0,0,2015,0,0
5556,hong (2015),"<table><tr><td>Authors:</td><td>hong, jie; qin, xiansheng; bai, jing; zhang, peipei; cheng, yan</td></tr><tr><td>Title:</td><td>a combined feature extraction method for left-right hand motor imagery in bci</td></tr><tr><td>Source:</td><td>2015 ieee international conference on mechatronics and automation, 2621-2625</td></tr><tr><td>Year:</td><td>2015</td></tr></table>",,-0.7946,-0.0634,1,173,274,2,0.0854,2015,2,0.0854
5560,ahangi (2013),"<table><tr><td>Authors:</td><td>ahangi, amir; karamnejad, mehdi; mohammadi, nima; ebrahimpour, reza; bagheri, nasoor</td></tr><tr><td>Title:</td><td>multiple classifier system for eeg signal classification with application to brain-computer interfaces</td></tr><tr><td>Source:</td><td>neural computing & applications, 23(5), 1319-1327</td></tr><tr><td>Year:</td><td>2013</td></tr></table>",https://doi.org/10.1007/s00521-012-1074-3,-0.7718,0.0921,1,229,379,55,2.3374,2013,55,2.3374
5565,hafeez (2026),"<table><tr><td>Authors:</td><td>hafeez, nauman; aslam, abdul rehman; altaf, muhammad awais bin</td></tr><tr><td>Title:</td><td>biomarker discovery for autism prediction using massive feature extraction based on eeg signals</td></tr><tr><td>Source:</td><td>sensors, 26(6)</td></tr><tr><td>Year:</td><td>2026</td></tr></table>",https://doi.org/10.3390/s26061862,-0.0267,0.1001,3,158,207,0,0,2026,0,0
5572,rahman (2021b),"<table><tr><td>Authors:</td><td>rahman, m. k. m.; bhuiyan, md. omer sadek; joadder, md. a. mannan</td></tr><tr><td>Title:</td><td>progressive fusion of feature sets for optimal classification of mi signal</td></tr><tr><td>Source:</td><td>international journal of biomedical engineering and technology, 36(4), 375-392</td></tr><tr><td>Year:</td><td>2021</td></tr></table>",,-0.7535,-0.0427,1,233,430,0,0,2021,0,0
5574,padfield (2019),"<table><tr><td>Authors:</td><td>padfield, natasha; zabalza, jaime; zhao, huimin; masero, valentin; ren, jinchang</td></tr><tr><td>Title:</td><td>eeg-based brain-computer interfaces using motor-imagery: techniques and challenges</td></tr><tr><td>Source:</td><td>sensors, 19(6)</td></tr><tr><td>Year:</td><td>2019</td></tr></table>",https://doi.org/10.3390/s19061423,-0.6934,-0.0774,1,253,551,408,19.3883,2019,408,19.3883
5581,shen (2022b),"<table><tr><td>Authors:</td><td>shen, jian; zhang, xiaowei; wang, gang; ding, zhijie; hu, bin</td></tr><tr><td>Title:</td><td>an improved empirical mode decomposition of electroencephalogram signals for depression detection</td></tr><tr><td>Source:</td><td>ieee transactions on affective computing, 13(1), 262-271</td></tr><tr><td>Year:</td><td>2022</td></tr></table>",https://doi.org/10.1109/taffc.2019.2934412,0.1547,0.2675,3,125,176,118,8.25,2022,118,8.25
5585,harishvijey (2022),"<table><tr><td>Authors:</td><td>harishvijey, a.; raja, j. benadict</td></tr><tr><td>Title:</td><td>automated technique for eeg signal processing to detect seizure with optimized variable gaussian filter and fuzzy rbfelm classifier</td></tr><tr><td>Source:</td><td>biomedical signal processing and control, 74</td></tr><tr><td>Year:</td><td>2022</td></tr></table>",https://doi.org/10.1016/j.bspc.2021.103450,-0.254,0.8441,3,98,270,10,0.6992,2022,10,0.6992
5592,tang (2022),"<table><tr><td>Authors:</td><td>tang, yuan; zhao, zining; zhang, shaorong; li, zhi; mo, yun; guo, yan</td></tr><tr><td>Title:</td><td>motor imagery eeg decoding based on new spatial-frequency feature and hybrid feature selection method</td></tr><tr><td>Source:</td><td>mathematical problems in engineering, 2022</td></tr><tr><td>Year:</td><td>2022</td></tr></table>",https://doi.org/10.1155/2022/2856818,-0.7362,-0.2926,1,178,279,9,0.6292,2022,9,0.6292
5600,miao (2017b),"<table><tr><td>Authors:</td><td>miao, minmin; zeng, hong; wang, aimin; zhao, changsen; liu, feixiang</td></tr><tr><td>Title:</td><td>discriminative spatial-frequency-temporal feature extraction and classification of motor imagery eeg: an sparse regression and weighted naive bayesian classifier-based approach</td></tr><tr><td>Source:</td><td>journal of neuroscience methods, 278, 13-24</td></tr><tr><td>Year:</td><td>2017</td></tr></table>",https://doi.org/10.1016/j.jneumeth.2016.12.010,-0.932,-0.3381,1,190,416,76,2.3623,2017,76,2.3623
5602,li (2017b),"<table><tr><td>Authors:</td><td>li, ming-ai; zhu, wei; liu, hai-na; yang, jin-fu</td></tr><tr><td>Title:</td><td>adaptive feature extraction of motor imagery eeg with optimalwavelet packets and se-isomap</td></tr><tr><td>Source:</td><td>applied sciences-basel, 7(4)</td></tr><tr><td>Year:</td><td>2017</td></tr></table>",https://doi.org/10.3390/app7040390,-0.7284,0.055,1,175,234,43,1.3365,2017,43,1.3365
5605,wang (2011),"<table><tr><td>Authors:</td><td>wang, deng; miao, duoqian; xie, chen</td></tr><tr><td>Title:</td><td>best basis-based wavelet packet entropy feature extraction and hierarchical eeg classification for epileptic detection</td></tr><tr><td>Source:</td><td>expert systems with applications, 38(11), 14314-14320</td></tr><tr><td>Year:</td><td>2011</td></tr></table>",https://doi.org/10.1016/j.eswa.2011.05.096,-0.3518,0.8562,3,84,212,209,5.3375,2011,209,5.3375
5607,tu (2012),"<table><tr><td>Authors:</td><td>tu, wenting; sun, shiliang</td></tr><tr><td>Title:</td><td>a subject transfer framework for eeg classification</td></tr><tr><td>Source:</td><td>neurocomputing, 82, 109-116</td></tr><tr><td>Year:</td><td>2012</td></tr></table>",https://doi.org/10.1016/j.neucom.2011.10.024,-0.8525,-0.1687,1,233,454,89,2.4477,2012,89,2.4477
5608,suk (2013),"<table><tr><td>Authors:</td><td>suk, heung-il; lee, seong-whan</td></tr><tr><td>Title:</td><td>a novel bayesian framework for discriminative feature extraction in brain-computer interfaces</td></tr><tr><td>Source:</td><td>ieee transactions on pattern analysis and machine intelligence, 35(2), 286-299</td></tr><tr><td>Year:</td><td>2013</td></tr></table>",https://doi.org/10.1109/tpami.2012.69,-0.8502,-0.2283,1,258,722,192,8.1598,2013,192,8.1598
5609,thakur (2025),"<table><tr><td>Authors:</td><td>thakur, shweta; thakur, samriti; rana, aryan; kumar, pankaj; kumar, kranti; chen, chien-ming</td></tr><tr><td>Title:</td><td>exploring the evolution of feature extraction methods in brain-computer interfaces (bcis): a systematic review of research progress and future trends</td></tr><tr><td>Source:</td><td>wiley interdisciplinary reviews-data mining and knowledge discovery, 15(3)</td></tr><tr><td>Year:</td><td>2025</td></tr></table>",https://doi.org/10.1002/widm.70040,-0.3611,-0.0346,1,257,469,0,0,2025,0,0
5610,aslam (2020),"<table><tr><td>Authors:</td><td>aslam, abdul rehman; bin altaf, muhammad awais</td></tr><tr><td>Title:</td><td>an on-chip processor for chronic neurological disorders assistance using negative affectivity classification</td></tr><tr><td>Source:</td><td>ieee transactions on biomedical circuits and systems, 14(4), 838-851</td></tr><tr><td>Year:</td><td>2020</td></tr></table>",https://doi.org/10.1109/tbcas.2020.3008766,1.2497,0.0018,2,179,538,34,1.3468,2020,34,1.3468
5614,ma (2022),"<table><tr><td>Authors:</td><td>ma, chen; wang, mei</td></tr><tr><td>Title:</td><td>information acquisition and feature extraction of motor imagery eeg</td></tr><tr><td>Source:</td><td>artificial intelligence and robotics, isair 2022, pt ii, 1701, 81-94</td></tr><tr><td>Year:</td><td>2022</td></tr></table>",https://doi.org/10.1007/978-981-19-7943-9_7,-0.5408,-0.076,1,260,384,0,0,2022,0,0
5620,z-flores (2016),"<table><tr><td>Authors:</td><td>z-flores, emigdio; trujillo, leonardo; sotelo, arturo; legrand, pierrick; coria, luis n.</td></tr><tr><td>Title:</td><td>regularity and matching pursuit feature extraction for the detection of epileptic seizures</td></tr><tr><td>Source:</td><td>journal of neuroscience methods, 266, 107-125</td></tr><tr><td>Year:</td><td>2016</td></tr></table>",https://doi.org/10.1016/j.jneumeth.2016.03.024,-0.2239,0.7681,3,108,238,18,0.8111,2016,18,0.8111
5623,yang (2020c),"<table><tr><td>Authors:</td><td>yang, shuhan; li, bo; zhang, yinda; duan, meiyu; liu, shuai; zhang, yexian; feng, xin; tan, renbo; huang, lan; zhou, fengfeng</td></tr><tr><td>Title:</td><td>selection of features for patient-independent detection of seizure events using scalp eeg signals</td></tr><tr><td>Source:</td><td>computers in biology and medicine, 119</td></tr><tr><td>Year:</td><td>2020</td></tr></table>",https://doi.org/10.1016/j.compbiomed.2020.103671,-0.1038,0.5654,3,160,297,58,2.2974,2020,58,2.2974
5636,wang (2025e),"<table><tr><td>Authors:</td><td>wang, yujia; tian, wenli; yang, jun; ju, xiangyu; li, ming; hu, dewen</td></tr><tr><td>Title:</td><td>hst-sn: a hierarchical framework learning spatiotemporal semantic features from eeg signals</td></tr><tr><td>Source:</td><td>ieee sensors journal, 25(22), 41821-41835</td></tr><tr><td>Year:</td><td>2025</td></tr></table>",https://doi.org/10.1109/jsen.2025.3618297,0.5946,-0.196,4,218,353,0,0,2025,0,0
5648,wang (2017b),"<table><tr><td>Authors:</td><td>wang, jie; feng, zuren; lu, na</td></tr><tr><td>Title:</td><td>feature extraction by common spatial pattern in frequency domain for motor imagery tasks classification</td></tr><tr><td>Source:</td><td>2017 29th chinese control and decision conference (ccdc), 5883-5888</td></tr><tr><td>Year:</td><td>2017</td></tr></table>",,-0.9092,-0.3059,1,216,452,23,0.7149,2017,23,0.7149
5657,jaiswal (2017),"<table><tr><td>Authors:</td><td>jaiswal, abeg kumar; banka, haider</td></tr><tr><td>Title:</td><td>epileptic seizure detection in eeg signal with gmodpca and support vector machine</td></tr><tr><td>Source:</td><td>bio-medical materials and engineering, 28(2), 141-157</td></tr><tr><td>Year:</td><td>2017</td></tr></table>",https://doi.org/10.3233/bme-171663,-0.3423,0.8444,3,117,354,31,0.9636,2017,31,0.9636
5662,zeng (2016),"<table><tr><td>Authors:</td><td>zeng, hong; song, aiguo</td></tr><tr><td>Title:</td><td>optimizing single-trial eeg classification by stationary matrix logistic regression in brain-computer interface</td></tr><tr><td>Source:</td><td>ieee transactions on neural networks and learning systems, 27(11), 2301-2313</td></tr><tr><td>Year:</td><td>2016</td></tr></table>",https://doi.org/10.1109/tnnls.2015.2475618,-0.8537,-0.3453,1,167,287,30,1.3519,2016,30,1.3519
5666,zeng (2021),"<table><tr><td>Authors:</td><td>zeng, jiale; tan, xiao-dan; zhan, chang'an a.</td></tr><tr><td>Title:</td><td>automatic detection of epileptic seizure events using the time-frequency features and machine learning</td></tr><tr><td>Source:</td><td>biomedical signal processing and control, 69</td></tr><tr><td>Year:</td><td>2021</td></tr></table>",https://doi.org/10.1016/j.bspc.2021.102916,-0.1259,0.6744,3,125,243,24,1.4134,2021,24,1.4134
5670,joshi (2021),"<table><tr><td>Authors:</td><td>joshi, vaishali m.; ghongade, rajesh b.</td></tr><tr><td>Title:</td><td>eeg based emotion detection using fourth order spectral moment and deep learning</td></tr><tr><td>Source:</td><td>biomedical signal processing and control, 68</td></tr><tr><td>Year:</td><td>2021</td></tr></table>",https://doi.org/10.1016/j.bspc.2021.102755,1.1493,0.001,2,190,501,50,2.9445,2021,50,2.9445
5675,beyrouthy (2024),"<table><tr><td>Authors:</td><td>beyrouthy, taha; mostafa, nour; roshdy, ahmed; karar, abdullah s.; alkork, samer; mourtzis, dimitris; niu, qiang; yang, xu</td></tr><tr><td>Title:</td><td>review of eeg-based biometrics in 5g-iot: current trends and future prospects</td></tr><tr><td>Source:</td><td>applied sciences-basel, 14(2)</td></tr><tr><td>Year:</td><td>2024</td></tr></table>",https://doi.org/10.3390/app14020534,0.9349,-0.1001,2,253,634,21,3.9218,2024,21,3.9218
5676,almeida (2021),"<table><tr><td>Authors:</td><td>almeida, wallace f.; lima, clodoaldo a. m.; peres, sarajane m.</td></tr><tr><td>Title:</td><td>a systematic mapping of feature extraction and feature selection methods of electroencephalogram signals for neurological diseases diagnostic assistance</td></tr><tr><td>Source:</td><td>ieee latin america transactions, 19(5), 735-745</td></tr><tr><td>Year:</td><td>2021</td></tr></table>",https://doi.org/10.1109/tla.2021.9448287,-0.154,0.7493,3,121,282,3,0.1767,2021,3,0.1767
